-- phpMyAdmin SQL Dump
-- version 3.5.1
-- http://www.phpmyadmin.net
--
-- Host: localhost
-- Generation Time: Nov 13, 2013 at 04:28 PM
-- Server version: 5.5.24-log
-- PHP Version: 5.3.13

SET SQL_MODE="NO_AUTO_VALUE_ON_ZERO";
SET time_zone = "+00:00";


/*!40101 SET @OLD_CHARACTER_SET_CLIENT=@@CHARACTER_SET_CLIENT */;
/*!40101 SET @OLD_CHARACTER_SET_RESULTS=@@CHARACTER_SET_RESULTS */;
/*!40101 SET @OLD_COLLATION_CONNECTION=@@COLLATION_CONNECTION */;
/*!40101 SET NAMES utf8 */;

--
-- Database: `eventos`
--

DELIMITER $$
--
-- Procedures
--
CREATE DEFINER=`root`@`localhost` PROCEDURE `proc`()
BEGIN
	
	declare val int default 1348549200;
	drop table if exists TEMPTABLE;
	create temporary table TEMPTABLE (fecha varchar(20), evento_id int);
	while val <= 1356843600 do 
		set val = val + 24 * 60 * 60;
		
		insert into TEMPTABLE SELECT FROM_UNIXTIME(val) as today, evento_id
		FROM 
		`events_meta` em
		WHERE (em.repeat_start <= val) and (val <= em.repeat_end)
		    AND ((val - UNIX_TIMESTAMP(FROM_UNIXTIME(em.repeat_start, '%Y%m%d'))) % em.repeat_interval = 0);
	end while;
	select temp.fecha, ev.* from temptable temp inner join evento ev
	on temp.evento_id = ev.evento_id;
    END$$

CREATE DEFINER=`root`@`localhost` PROCEDURE `prueba`()
BEGIN
	select 
	distinct(evento_id),
	FROM_UNIXTIME(repeat_start) repeat_start, 
	FROM_UNIXTIME(repeat_end)repeat_end,
	(repeat_start + ((repeat_end - repeat_start) / repeat_interval) * (repeat_interval)) ult_rep,
	FROM_UNIXTIME((repeat_start + ((repeat_end - repeat_start) / repeat_interval) * repeat_interval)) ult_rep_normal,
	case repeat_type
		when 'diariamente' then 
		FROM_UNIXTIME((repeat_start + ((repeat_end - repeat_start) / repeat_interval) * repeat_interval - 60 * 60 * 24))
		when 'semanalmente' then
		FROM_UNIXTIME((repeat_start + ((repeat_end - repeat_start) / repeat_interval) * repeat_interval - 60 * 60 * 24 * 7))
	end as penult_rep,
	repeat_type
	from events_meta;
    END$$

DELIMITER ;

-- --------------------------------------------------------

--
-- Table structure for table `categoria`
--

CREATE TABLE IF NOT EXISTS `categoria` (
  `categoria_id` int(11) NOT NULL AUTO_INCREMENT,
  `nombre` varchar(50) DEFAULT NULL,
  `descripcion` longtext,
  `categoria_padre` int(11) DEFAULT NULL,
  `img` varchar(50) DEFAULT '',
  `url` varchar(100) NOT NULL DEFAULT '',
  `created_at` timestamp NULL DEFAULT CURRENT_TIMESTAMP,
  `status` tinyint(1) DEFAULT NULL,
  `color` char(7) NOT NULL,
  PRIMARY KEY (`categoria_id`),
  UNIQUE KEY `url_unica` (`url`)
) ENGINE=MyISAM  DEFAULT CHARSET=latin1 AUTO_INCREMENT=16 ;

--
-- Dumping data for table `categoria`
--

INSERT INTO `categoria` (`categoria_id`, `nombre`, `descripcion`, `categoria_padre`, `img`, `url`, `created_at`, `status`, `color`) VALUES
(1, 'Negocios y Finanzas', 'Eventos de Negocios, finanzas, exportación, comercio', 0, 'negocios-finanzas.jpg', 'negocios-finanzas', '0000-00-00 00:00:00', 1, '#16e573'),
(2, 'Comedia', 'Eventos de Humor, comedia, entretenimiento', 0, 'comedia.jpg', 'comedia-y-entretenimiento', '0000-00-00 00:00:00', 1, '#fc052a'),
(3, 'Donaciones y Caridad', 'Eventos de Donaciones, caridad, recaudaciones, ayuda humanitaria', 0, 'donaciones-caridad.jpg', 'donaciones-caridad', '0000-00-00 00:00:00', 1, '#37B1C2'),
(4, 'Gastronomía', 'Eventos de Gastronom&iacute;a, comidas, exposiciones', 0, 'gastronomia.jpg', 'gastronomia', '0000-00-00 00:00:00', 1, '#006372'),
(5, 'Cine', 'Eventos de Cine, teatro, pel&iacute;culas, estrenos', 0, 'cine.jpg', 'cine', '0000-00-00 00:00:00', 1, '#b26b01'),
(6, 'Música', 'Eventos de M&uacute;sica, conciertos, presentaciones', 0, 'musica.jpg', 'musica', '0000-00-00 00:00:00', 1, '#FF0000'),
(7, 'Danza y Teatro', 'Eventos de Danza, teatro, baile, actuación', 0, 'teatro.jpg', 'danza-y-teatro', '0000-00-00 00:00:00', 1, '#0d07bf'),
(8, 'Religioso', 'Eventos Religiosos, reuniones religiosas', 0, 'religioso.jpg', 'religioso', '0000-00-00 00:00:00', 1, '#ff87fd'),
(9, 'Deportes', 'Eventos de Deportes, juegos', 0, 'deporte.jpg', 'deportes', '0000-00-00 00:00:00', 1, '#00FF00'),
(11, 'Medicina y Salud', 'Eventos de Medicina, enfermer&iacute;a, salud', 0, 'medicina.jpg', 'medicina-y-salud', '2012-10-23 18:00:50', 1, '#939a9b'),
(12, 'Ciencia y Tecnología', 'Eventos de ciencia y tecnolog&iacute;a ', 0, 'tecnologia.jpg', 'ciencia-y-tecnologia', '2012-10-23 18:00:57', 1, '#0000FF'),
(13, 'Arte', 'Eventos de Arte, pintura, exposiciones, escultura, bellas artes', 0, 'arte.jpg', 'arte', '2012-11-05 16:45:46', 1, '#005572'),
(14, 'Sociales', 'Eventos Sociales, reuniones, fiestas', 0, 'social.jpg', 'sociales', '2012-11-13 15:02:16', 1, '#001302'),
(15, 'Viajes y Turismo', 'Eventos de viajes, turismo, excursiones', 0, 'viajes.jpg', 'viajes-y-turismo', '2012-11-29 17:10:22', 1, '#556372');

-- --------------------------------------------------------

--
-- Table structure for table `ciudad`
--

CREATE TABLE IF NOT EXISTS `ciudad` (
  `ciudad_id` int(11) NOT NULL AUTO_INCREMENT,
  `pais_id` int(11) NOT NULL,
  `nombre` varchar(50) DEFAULT NULL,
  `url` varchar(100) DEFAULT NULL,
  PRIMARY KEY (`ciudad_id`),
  KEY `fk_ciudad_pais1_idx` (`pais_id`)
) ENGINE=MyISAM  DEFAULT CHARSET=latin1 AUTO_INCREMENT=3112 ;

--
-- Dumping data for table `ciudad`
--

INSERT INTO `ciudad` (`ciudad_id`, `pais_id`, `nombre`, `url`) VALUES
(1, 1, 'Tirane', ''),
(2, 1, 'Shkoder', ''),
(3, 1, 'Durres', ''),
(4, 1, 'Vlore', ''),
(5, 1, 'Elbasan', ''),
(6, 1, 'Korce', ''),
(7, 2, 'Komotini', ''),
(8, 2, 'Kavalla', ''),
(9, 2, 'Athens', ''),
(10, 2, 'Piraeus', ''),
(11, 2, 'Patrai', ''),
(12, 2, 'Kozani', ''),
(13, 2, 'Korfu', ''),
(14, 2, 'Ioannina', ''),
(15, 2, 'Thessaloniki', ''),
(16, 2, 'Iraklion', ''),
(17, 2, 'Ermoupoli', ''),
(18, 2, 'Tripoli', ''),
(19, 2, 'Lamia', ''),
(20, 2, 'Larisa', ''),
(21, 2, 'Volos', ''),
(22, 2, 'Mytilini', ''),
(23, 3, 'Skopje', ''),
(24, 4, 'Belgrade', ''),
(25, 5, 'Podgorica', ''),
(26, 6, 'Pristina', ''),
(27, 7, 'Andorra la Vella', ''),
(28, 8, 'Strasbourg', ''),
(29, 8, 'Mulhouse', ''),
(30, 8, 'Bordeaux', ''),
(31, 8, 'Clermont Ferrand', ''),
(32, 8, 'Caen', ''),
(33, 8, 'Rennes', ''),
(34, 8, 'Brest', ''),
(35, 8, 'Dijon', ''),
(36, 8, 'Orleans', ''),
(37, 8, 'Tours', ''),
(38, 8, 'Reims', ''),
(39, 8, 'Chalons en Champagne', ''),
(40, 8, 'Ajaccio', ''),
(41, 8, 'Besancon', ''),
(42, 8, 'Rouen', ''),
(43, 8, 'Le Havre', ''),
(44, 8, 'Paris', ''),
(45, 8, 'Boulogne Billancourt', ''),
(46, 8, 'Montpellier', ''),
(47, 8, 'Nimes', ''),
(48, 8, 'Perpignan', ''),
(49, 8, 'Limoges', ''),
(50, 8, 'Metz', ''),
(51, 8, 'Nancy', ''),
(52, 8, 'Toulouse', ''),
(53, 8, 'Lille', ''),
(54, 8, 'Nantes', ''),
(55, 8, 'Angers', ''),
(56, 8, 'Le Mans', ''),
(57, 8, 'Amiens', ''),
(58, 8, 'Poitiers', ''),
(59, 8, 'Marseille', ''),
(60, 8, 'Nice', ''),
(61, 8, 'Toulon', ''),
(62, 8, 'Aix en Provence', ''),
(63, 8, 'Lyon', ''),
(64, 8, 'Grenoble', ''),
(65, 8, 'Saint Etienne', ''),
(66, 8, 'Villeurbanne', ''),
(67, 9, 'Sevilla', ''),
(68, 9, 'Almeria', ''),
(69, 9, 'Cadiz', ''),
(70, 9, 'Cordoba', ''),
(71, 9, 'Granada', ''),
(72, 9, 'Huelva', ''),
(73, 9, 'Malaga', ''),
(74, 9, 'Jerez de la Frontera', ''),
(75, 9, 'Jaen', ''),
(76, 9, 'Algeciras', ''),
(77, 9, 'Zaragoza', ''),
(78, 9, 'Oviedo', ''),
(79, 9, 'Gijon', ''),
(80, 9, 'Palma de Mallorca', ''),
(81, 9, 'Vitoria Gasteiz', ''),
(82, 9, 'Bilbao', ''),
(83, 9, 'Baracaldo', ''),
(84, 9, 'Donostia', ''),
(85, 9, 'Santa Cruz de Tenerife', ''),
(86, 9, 'Las Palmas de Gran Canaria', ''),
(87, 9, 'La Laguna', ''),
(88, 9, 'Santander', ''),
(89, 9, 'Valladolid', ''),
(90, 9, 'Burgos', ''),
(91, 9, 'Leon', ''),
(92, 9, 'Salamanca', ''),
(93, 9, 'Toledo', ''),
(94, 9, 'Albacete', ''),
(95, 9, 'Barcelona', ''),
(96, 9, 'Lleida', ''),
(97, 9, 'Tarragona', ''),
(98, 9, 'Hospitalet de Llobregat', ''),
(99, 9, 'Badalona', ''),
(100, 9, 'Sabadell', ''),
(101, 9, 'Terrassa', ''),
(102, 9, 'Santa Coloma de Gramanet', ''),
(103, 9, 'Mataro', ''),
(104, 9, 'Badajoz', ''),
(105, 9, 'Merida', ''),
(106, 9, 'La Coruna', ''),
(107, 9, 'Vigo', ''),
(108, 9, 'Orense', ''),
(109, 9, 'Santiago de Compostella', ''),
(110, 9, 'Madrid', ''),
(111, 9, 'Mostoles', ''),
(112, 9, 'Leganes', ''),
(113, 9, 'Alcala de Henares', ''),
(114, 9, 'Fuenlabrada', ''),
(115, 9, 'Getafe', ''),
(116, 9, 'Alcorcon', ''),
(117, 9, 'Murcia', ''),
(118, 9, 'Cartagena', ''),
(119, 9, 'Pamplona', ''),
(120, 9, 'Logrono', ''),
(121, 9, 'Valencia', ''),
(122, 9, 'Alicante', ''),
(123, 9, 'Elx', ''),
(124, 9, 'Castellon de la Plana', ''),
(125, 10, 'Eisenstadt', ''),
(126, 10, 'Klagenfurt', ''),
(127, 10, 'Bregenz', ''),
(128, 10, 'Vienna', ''),
(129, 10, 'Linz', ''),
(130, 10, 'Innsbruck', ''),
(131, 10, 'Graz', ''),
(132, 10, 'Salzburg', ''),
(133, 10, 'St. Polten', ''),
(134, 11, 'Ceske Budejovice', ''),
(135, 11, 'Brno', ''),
(136, 11, 'Zlin', ''),
(137, 11, 'Liberec', ''),
(138, 11, 'Usti nad Labem', ''),
(139, 11, 'Ostrava', ''),
(140, 11, 'Olomouc', ''),
(141, 11, 'Prague', ''),
(142, 11, 'Hradec Kralove', ''),
(143, 11, 'Pardubice', ''),
(144, 11, 'Plzen', ''),
(145, 12, 'Stuttgart', ''),
(146, 12, 'Mannheim', ''),
(147, 12, 'Karlsruhe', ''),
(148, 12, 'Freiburg im Breisgau', ''),
(149, 12, 'Heidelberg', ''),
(150, 12, 'Heilbronn', ''),
(151, 12, 'Pforzheim', ''),
(152, 12, 'Ulm', ''),
(153, 12, 'Reutlingen', ''),
(154, 12, 'Munich', ''),
(155, 12, 'Nurnberg', ''),
(156, 12, 'Augsburg', ''),
(157, 12, 'Wurzburg', ''),
(158, 12, 'Regensburg', ''),
(159, 12, 'Ingolstadt', ''),
(160, 12, 'Furth', ''),
(161, 12, 'Erlangen', ''),
(162, 12, 'Berlin', ''),
(163, 12, 'Potsdam', ''),
(164, 12, 'Cottbus', ''),
(165, 12, 'Bremen', ''),
(166, 12, 'Bremerhaven', ''),
(167, 12, 'Hamburg', ''),
(168, 12, 'Wiesbaden', ''),
(169, 12, 'Frankfurt am Main', ''),
(170, 12, 'Kassel', ''),
(171, 12, 'Darmstadt', ''),
(172, 12, 'Offenbach am Main', ''),
(173, 12, 'Schwerin', ''),
(174, 12, 'Rostock', ''),
(175, 12, 'Hannover', ''),
(176, 12, 'Braunschweig', ''),
(177, 12, 'Osnabruck', ''),
(178, 12, 'Oldenburg', ''),
(179, 12, 'Gottingen', ''),
(180, 12, 'Wolfsburg', ''),
(181, 12, 'Salzgitter', ''),
(182, 12, 'Hildesheim', ''),
(183, 12, 'Dusseldorf', ''),
(184, 12, 'Koln', ''),
(185, 12, 'Essen', ''),
(186, 12, 'Dortmund', ''),
(187, 12, 'Duisburg', ''),
(188, 12, 'Bochum', ''),
(189, 12, 'Wuppertal', ''),
(190, 12, 'Bielefeld', ''),
(191, 12, 'Gelsenkirchen', ''),
(192, 12, 'Bonn', ''),
(193, 12, 'Monchengladbach', ''),
(194, 12, 'Munster', ''),
(195, 12, 'Krefeld', ''),
(196, 12, 'Aachen', ''),
(197, 12, 'Oberhausen', ''),
(198, 12, 'Hagen', ''),
(199, 12, 'Hamm', ''),
(200, 12, 'Herne', ''),
(201, 12, 'Mulheim an der Ruhr', ''),
(202, 12, 'Solingen', ''),
(203, 12, 'Leverkusen', ''),
(204, 12, 'Neuss', ''),
(205, 12, 'Paderborn', ''),
(206, 12, 'Recklinghausen', ''),
(207, 12, 'Remscheid', ''),
(208, 12, 'Bottrop', ''),
(209, 12, 'Siegen', ''),
(210, 12, 'Moers', ''),
(211, 12, 'Witten', ''),
(212, 12, 'Bergisch Gladbach', ''),
(213, 12, 'Mainz', ''),
(214, 12, 'Ludwigshafen', ''),
(215, 12, 'Koblenz', ''),
(216, 12, 'Kaiserslautern', ''),
(217, 12, 'Saarbrucken', ''),
(218, 12, 'Dresden', ''),
(219, 12, 'Leipzig', ''),
(220, 12, 'Chemnitz', ''),
(221, 12, 'Zwickau', ''),
(222, 12, 'Magdeburg', ''),
(223, 12, 'Halle', ''),
(224, 12, 'Kiel', ''),
(225, 12, 'Lubeck', ''),
(226, 12, 'Erfurt', ''),
(227, 12, 'Gera', ''),
(228, 12, 'Jena', ''),
(229, 13, 'Kecskemet', ''),
(230, 13, 'Bekescaba', ''),
(231, 13, 'Hodmezovasarhely', ''),
(232, 13, 'Szekesfehervar', ''),
(233, 13, 'Eger', ''),
(234, 13, 'Tatabanya', ''),
(235, 13, 'Salgotarjan', ''),
(236, 13, 'Kaposvar', ''),
(237, 13, 'Nyiregyhaza', ''),
(238, 13, 'Szolnok', ''),
(239, 13, 'Szekszard', ''),
(240, 13, 'Szombathely', ''),
(241, 13, 'Veszprem', ''),
(242, 13, 'Zalaegerszeg', ''),
(243, 13, 'Budapest', ''),
(244, 13, 'Debrecen', ''),
(245, 13, 'Gyor', ''),
(246, 13, 'Miskolc', ''),
(247, 13, 'Pecs', ''),
(248, 13, 'Szeged', ''),
(249, 14, 'Novara', ''),
(250, 14, 'Turin', ''),
(251, 14, 'Aosta', ''),
(252, 14, 'Bergamo', ''),
(253, 14, 'Brescia', ''),
(254, 14, 'Milan', ''),
(255, 14, 'Monza', ''),
(256, 14, 'Bolzano', ''),
(257, 14, 'Trento', ''),
(258, 14, 'Padova', ''),
(259, 14, 'Verona', ''),
(260, 14, 'Vicenza', ''),
(261, 14, 'Venice', ''),
(262, 14, 'Trieste', ''),
(263, 14, 'La Spezia', ''),
(264, 14, 'Genua', ''),
(265, 14, 'Bologna', ''),
(266, 14, 'Ferrara', ''),
(267, 14, 'Forli', ''),
(268, 14, 'Modena', ''),
(269, 14, 'Parma', ''),
(270, 14, 'Piacenza', ''),
(271, 14, 'Ravenna', ''),
(272, 14, 'Reggio nellEmilia', ''),
(273, 14, 'Rimini', ''),
(274, 14, 'Livorno', ''),
(275, 14, 'Pisa', ''),
(276, 14, 'Firenze', ''),
(277, 14, 'Prato', ''),
(278, 14, 'Perugia', ''),
(279, 14, 'Terni', ''),
(280, 14, 'Ancona', ''),
(281, 14, 'Rome', ''),
(282, 14, 'Latina', ''),
(283, 14, 'Pescara', ''),
(284, 14, 'LAquila', ''),
(285, 14, 'Campobasso', ''),
(286, 14, 'Salerno', ''),
(287, 14, 'Napoli', ''),
(288, 14, 'Torre del Greco', ''),
(289, 14, 'Bari', ''),
(290, 14, 'Foggia', ''),
(291, 14, 'Lecce', ''),
(292, 14, 'Taranto', ''),
(293, 14, 'Potenza', ''),
(294, 14, 'Catanzaro', ''),
(295, 14, 'Cosenza', ''),
(296, 14, 'Reggio di Calabria', ''),
(297, 14, 'Palermo', ''),
(298, 14, 'Messina', ''),
(299, 14, 'Catania', ''),
(300, 14, 'Siracusa', ''),
(301, 14, 'Cagliari', ''),
(302, 14, 'Sassari', ''),
(303, 15, 'Vaduz', ''),
(304, 16, 'Bratislava', ''),
(305, 17, 'Ljubljana', ''),
(306, 18, 'Aarau', ''),
(307, 18, 'Herisau', ''),
(308, 18, 'Appenzell', ''),
(309, 18, 'Liestal', ''),
(310, 18, 'Basel', ''),
(311, 18, 'Bern', ''),
(312, 18, 'Biel', ''),
(313, 18, 'Fribourg', ''),
(314, 18, 'Geneva', ''),
(315, 18, 'Glarus', ''),
(316, 18, 'Chur', ''),
(317, 18, 'Delemont', ''),
(318, 18, 'Luzern', ''),
(319, 18, 'Neuchatel', ''),
(320, 18, 'Stans', ''),
(321, 18, 'Sarnen', ''),
(322, 18, 'Sankt Gallen', ''),
(323, 18, 'Schaffhausen', ''),
(324, 18, 'Schwyz', ''),
(325, 18, 'Solothurn', ''),
(326, 18, 'Frauenfeld', ''),
(327, 18, 'Bellinzona', ''),
(328, 18, 'Altdorf', ''),
(329, 18, 'Sion', ''),
(330, 18, 'Lausanne', ''),
(331, 18, 'Zug', ''),
(332, 18, 'Zurich', ''),
(333, 18, 'Winterthur', ''),
(334, 19, 'Minsk', ''),
(335, 20, 'Riga', ''),
(336, 21, 'Vilnius', ''),
(337, 22, 'Warsaw', ''),
(338, 22, 'Biala Podlaska', ''),
(339, 22, 'Bialystok', ''),
(340, 22, 'Bielsko Biala', ''),
(341, 22, 'Bydgoszcz', ''),
(342, 22, 'Chelm', ''),
(343, 22, 'Ciechanow', ''),
(344, 22, 'Czestochowa', ''),
(345, 22, 'Elblag', ''),
(346, 22, 'Gdansk', ''),
(347, 22, 'Gdynia', ''),
(348, 22, 'Gorzow Wielkopolski', ''),
(349, 22, 'Gorzow Wielkopolskie', ''),
(350, 22, 'Jelenia Gora', ''),
(351, 22, 'Kalisz', ''),
(352, 22, 'Katowice', ''),
(353, 22, 'Jastrzebie Zdroj', ''),
(354, 22, 'Sosnowiec', ''),
(355, 22, 'Dabrowa Gornicza', ''),
(356, 22, 'Bytom', ''),
(357, 22, 'Gliwice', ''),
(358, 22, 'Zabrze', ''),
(359, 22, 'Tychy', ''),
(360, 22, 'Ruda Slaska', ''),
(361, 22, 'Rybnik', ''),
(362, 22, 'Chorzow', ''),
(363, 22, 'Wodzilaw Slaski', ''),
(364, 22, 'Kielce', ''),
(365, 22, 'Konin', ''),
(366, 22, 'Koszalin', ''),
(367, 22, 'Krakow', ''),
(368, 22, 'Krosno', ''),
(369, 22, 'Legnica', ''),
(370, 22, 'Leszno', ''),
(371, 22, 'Lublin', ''),
(372, 22, 'Lomza', ''),
(373, 22, 'Lodz', ''),
(374, 22, 'Nowy Sacz', ''),
(375, 22, 'Olsztyn', ''),
(376, 22, 'Opole', ''),
(377, 22, 'Ostroleka', ''),
(378, 22, 'Pila', ''),
(379, 22, 'Piotrkow Trybunalski', ''),
(380, 22, 'Plock', ''),
(381, 22, 'Poznan', ''),
(382, 22, 'Przemysl', ''),
(383, 22, 'Radom', ''),
(384, 22, 'Rzeszow', ''),
(385, 22, 'Siedlce', ''),
(386, 22, 'Sieradz', ''),
(387, 22, 'Skierniewice', ''),
(388, 22, 'Slupsk', ''),
(389, 22, 'Suwalki', ''),
(390, 22, 'Szczecin', ''),
(391, 22, 'Tarnobrzeg', ''),
(392, 22, 'Tarnow', ''),
(393, 22, 'Torun', ''),
(394, 22, 'Grudziadz', ''),
(395, 22, 'Walbrzych', ''),
(396, 22, 'Wloclawek', ''),
(397, 22, 'Wroclaw', ''),
(398, 22, 'Zamosc', ''),
(399, 22, 'Zielona Gora', ''),
(400, 23, 'Cherkasy', ''),
(401, 23, 'Chernihiv', ''),
(402, 23, 'Chernivtsi', ''),
(403, 23, 'Dnipropetrovsk', ''),
(404, 23, 'Kryvyy Rih', ''),
(405, 23, 'Dniprodzerzhynsk', ''),
(406, 23, 'Donetsk', ''),
(407, 23, 'Mariupol', ''),
(408, 23, 'Makiyivka', ''),
(409, 23, 'Horlivka', ''),
(410, 23, 'Ivano Frankivsk', ''),
(411, 23, 'Kharkiv', ''),
(412, 23, 'Kherson', ''),
(413, 23, 'Khmelnytskyy', ''),
(414, 23, 'Kiev', ''),
(415, 23, 'Kirovohrad', ''),
(416, 23, 'Luhansk', ''),
(417, 23, 'Lviv', ''),
(418, 23, 'Mykolayiv', ''),
(419, 23, 'Odesa', ''),
(420, 23, 'Poltava', ''),
(421, 23, 'Kremenchuk', ''),
(422, 23, 'Rivne', ''),
(423, 23, 'Sumy', ''),
(424, 23, 'Ternopil', ''),
(425, 23, 'Vinnytsya', ''),
(426, 23, 'Lutsk', ''),
(427, 23, 'Uzhhorod', ''),
(428, 23, 'Zaporizhzhya', ''),
(429, 23, 'Zhytomyr', ''),
(430, 23, 'Simferopol', ''),
(431, 23, 'Sevastopol', ''),
(432, 24, 'Petrozavodsk', ''),
(433, 24, 'Syktyvkar', ''),
(434, 24, 'Ukhta', ''),
(435, 24, 'Vorkuta', ''),
(436, 24, 'Arkhangelsk', ''),
(437, 24, 'Severodvinsk', ''),
(438, 24, 'Vologda', ''),
(439, 24, 'Cherepovets', ''),
(440, 24, 'Murmansk', ''),
(441, 24, 'Kaliningrad', ''),
(442, 24, 'Sankt Peterburg', ''),
(443, 24, 'Kolpino', ''),
(444, 24, 'Novgorod', ''),
(445, 24, 'Pskov', ''),
(446, 24, 'Velikiye Luki', ''),
(447, 24, 'Bryansk', ''),
(448, 24, 'Vladimir', ''),
(449, 24, 'Kovrov', ''),
(450, 24, 'Murom', ''),
(451, 24, 'Ivanovo', ''),
(452, 24, 'Kineshma', ''),
(453, 24, 'Kaluga', ''),
(454, 24, 'Obninsk', ''),
(455, 24, 'Kostroma', ''),
(456, 24, 'Moscow', ''),
(457, 24, 'Podolsk', ''),
(458, 24, 'Zelenograd', ''),
(459, 24, 'Lyubertsy', ''),
(460, 24, 'Kolomna', ''),
(461, 24, 'Mytishchi', ''),
(462, 24, 'Elektrostal', ''),
(463, 24, 'Serpukhov', ''),
(464, 24, 'Balashikha', ''),
(465, 24, 'Khimki', ''),
(466, 24, 'Odintsovo', ''),
(467, 24, 'Orekhovo Zuyevo', ''),
(468, 24, 'Noginsk', ''),
(469, 24, 'Shchyolkovo', ''),
(470, 24, 'Zagorsk', ''),
(471, 24, 'Orel', ''),
(472, 24, 'Ryazan', ''),
(473, 24, 'Smolensk', ''),
(474, 24, 'Tver', ''),
(475, 24, 'Tula', ''),
(476, 24, 'Novomoskovsk', ''),
(477, 24, 'Yaroslavl', ''),
(478, 24, 'Rybinsk', ''),
(479, 24, 'Yoshkar Ola', ''),
(480, 24, 'Saransk', ''),
(481, 24, 'Cheboksary', ''),
(482, 24, 'Novocheboksarsk', ''),
(483, 24, 'Kirov', ''),
(484, 24, 'Nizhniy Novgorod', ''),
(485, 24, 'Dzerzhinsk', ''),
(486, 24, 'Arzamas', ''),
(487, 24, 'Belgorod', ''),
(488, 24, 'Stary Oskol', ''),
(489, 24, 'Voronezh', ''),
(490, 24, 'Kursk', ''),
(491, 24, 'Lipetsk', ''),
(492, 24, 'Yelets', ''),
(493, 24, 'Tambov', ''),
(494, 24, 'Michurinsk', ''),
(495, 24, 'Elista', ''),
(496, 24, 'Kazan', ''),
(497, 24, 'Naberezhnye Chelny', ''),
(498, 24, 'Nizhnekamsk', ''),
(499, 24, 'Almetyevsk', ''),
(500, 24, 'Zelenodolysk', ''),
(501, 24, 'Astrakhan', ''),
(502, 24, 'Volgograd', ''),
(503, 24, 'Volzhsky', ''),
(504, 24, 'Kamyshin', ''),
(505, 24, 'Penza', ''),
(506, 24, 'Kuznetsk', ''),
(507, 24, 'Samara', ''),
(508, 24, 'Tolyatti', ''),
(509, 24, 'Syzran', ''),
(510, 24, 'Novokuybyshevsk', ''),
(511, 24, 'Saratov', ''),
(512, 24, 'Balakovo', ''),
(513, 24, 'Engels', ''),
(514, 24, 'Simbirsk', ''),
(515, 24, 'Dimitrovgrad', ''),
(516, 24, 'Rostov na Donu', ''),
(517, 24, 'Taganrog', ''),
(518, 24, 'Shakhty', ''),
(519, 24, 'Novocherkassk', ''),
(520, 24, 'Volgodonsk', ''),
(521, 24, 'Novoshakhtinsk', ''),
(522, 24, 'Rostov no Donu', ''),
(523, 24, 'Ufa', ''),
(524, 24, 'Sterlitamak', ''),
(525, 24, 'Salavat', ''),
(526, 24, 'Oktyabrsky', ''),
(527, 24, 'Izhevsk', ''),
(528, 24, 'Sarapul', ''),
(529, 24, 'Glazov', ''),
(530, 24, 'Votkinsk', ''),
(531, 24, 'Orenburg', ''),
(532, 24, 'Orsk', ''),
(533, 24, 'Novotroitsk', ''),
(534, 24, 'Perm', ''),
(535, 24, 'Berezniki', ''),
(536, 24, 'Solikamsk', ''),
(537, 24, 'Maykop', ''),
(538, 24, 'Makhachkala', ''),
(539, 24, 'Nazran', ''),
(540, 24, 'Nalchik', ''),
(541, 24, 'Cherkessk', ''),
(542, 24, 'Vladikavkaz', ''),
(543, 24, 'Grozny', ''),
(544, 24, 'Krasnodar', ''),
(545, 24, 'Sochi', ''),
(546, 24, 'Novorossiysk', ''),
(547, 24, 'Armavir', ''),
(548, 24, 'Stavropol', ''),
(549, 24, 'Pyatigorsk', ''),
(550, 24, 'Nevinnomyssk', ''),
(551, 24, 'Kislovodsk', ''),
(552, 24, 'Neftekamsk', ''),
(553, 24, 'Kurgan', ''),
(554, 24, 'Yekaterinburg', ''),
(555, 24, 'Nizhniy Tagil', ''),
(556, 24, 'Kamensk Uralskiy', ''),
(557, 24, 'Pervouralsk', ''),
(558, 24, 'Serov', ''),
(559, 24, 'Chelyabinsk', ''),
(560, 24, 'Magnitogorsk', ''),
(561, 24, 'Zlatoust', ''),
(562, 24, 'Miass', ''),
(563, 24, 'Gorno Altaysk', ''),
(564, 24, 'Barnaul', ''),
(565, 24, 'Biysk', ''),
(566, 24, 'Rubtsovsk', ''),
(567, 24, 'Kemerovo', ''),
(568, 24, 'Novokuznetsk', ''),
(569, 24, 'Prokopyevsk', ''),
(570, 24, 'Leninsk Kuznetskiy', ''),
(571, 24, 'Kiselyovsk', ''),
(572, 24, 'Mezhdurechensk', ''),
(573, 24, 'Anzhero Sudzhensk', ''),
(574, 24, 'Novosibirsk', ''),
(575, 24, 'Omsk', ''),
(576, 24, 'Tomsk', ''),
(577, 24, 'Seversk', ''),
(578, 24, 'Tyumen', ''),
(579, 24, 'Surgut', ''),
(580, 24, 'Nizhnevartovsk', ''),
(581, 24, 'Ulan Ude', ''),
(582, 24, 'Kyzyl', ''),
(583, 24, 'Abakan', ''),
(584, 24, 'Krasnoyarsk', ''),
(585, 24, 'Norilsk', ''),
(586, 24, 'Achinsk', ''),
(587, 24, 'Kansk', ''),
(588, 24, 'Irkutsk', ''),
(589, 24, 'Angarsk', ''),
(590, 24, 'Bratsk', ''),
(591, 24, 'Ust Ilimsk', ''),
(592, 24, 'Usolye Sibirskoye', ''),
(593, 24, 'Chita', ''),
(594, 24, 'Yakutsk', ''),
(595, 24, 'Birobidzhan', ''),
(596, 24, 'Anadyr', ''),
(597, 24, 'Vladivostok', ''),
(598, 24, 'Nakhodka', ''),
(599, 24, 'Ussuriysk', ''),
(600, 24, 'Khabarovsk', ''),
(601, 24, 'Komsomolsk na Amure', ''),
(602, 24, 'Blagoveshchensk', ''),
(603, 24, 'Petropavlovsk Kamchatsky', ''),
(604, 24, 'Magadan', ''),
(605, 24, 'Okhotsk', ''),
(606, 24, 'Yuzhno Sakhalinsk', ''),
(607, 25, 'Antwerp', ''),
(608, 25, 'Brussels', ''),
(609, 25, 'Ghent', ''),
(610, 25, 'Charleroi', ''),
(611, 25, 'Mons', ''),
(612, 25, 'Liege', ''),
(613, 25, 'Hasselt', ''),
(614, 25, 'Arlon', ''),
(615, 25, 'Namur', ''),
(616, 25, 'Brugge', ''),
(617, 26, 'Luxembourg', ''),
(618, 27, 'Groningen', ''),
(619, 27, 'Leeuwarden', ''),
(620, 27, 'Assen', ''),
(621, 27, 'Enschede', ''),
(622, 27, 'Zwolle', ''),
(623, 27, 'Lelystad', ''),
(624, 27, 'Arnhem', ''),
(625, 27, 'Nijmegen', ''),
(626, 27, 'Utrecht', ''),
(627, 27, 'Amsterdam', ''),
(628, 27, 'Haarlem', ''),
(629, 27, 'Zaanstreek', ''),
(630, 27, 'Velsen', ''),
(631, 27, 'Hilversum', ''),
(632, 27, 's Gravenhage', ''),
(633, 27, 'Rotterdam', ''),
(634, 27, 'Dordrecht', ''),
(635, 27, 'Leiden', ''),
(636, 27, 'Middelburg', ''),
(637, 27, 's Hertogenbosch', ''),
(638, 27, 'Eindhoven', ''),
(639, 27, 'Tilburg', ''),
(640, 27, 'Breda', ''),
(641, 27, 'Maastricht', ''),
(642, 27, 'Heerlen', ''),
(643, 27, 'Geleen', ''),
(644, 28, 'Sarajevo', ''),
(645, 29, 'Zagreb', ''),
(646, 30, 'Sofia', ''),
(647, 31, 'Alba Iulia', ''),
(648, 31, 'Arad', ''),
(649, 31, 'Pitesti', ''),
(650, 31, 'Bacau', ''),
(651, 31, 'Oradea', ''),
(652, 31, 'Bistrita', ''),
(653, 31, 'Botosani', ''),
(654, 31, 'Braila', ''),
(655, 31, 'Brasov', ''),
(656, 31, 'Bucharest', ''),
(657, 31, 'Buzau', ''),
(658, 31, 'Calarasi', ''),
(659, 31, 'Resita', ''),
(660, 31, 'Cluj Napoca', ''),
(661, 31, 'Constanta', ''),
(662, 31, 'Sfintu Gheorghe', ''),
(663, 31, 'Tirgoviste', ''),
(664, 31, 'Craiova', ''),
(665, 31, 'Galati', ''),
(666, 31, 'Giurgiu', ''),
(667, 31, 'Tirgu Jiu', ''),
(668, 31, 'Miercurea Ciuc', ''),
(669, 31, 'Deva', ''),
(670, 31, 'Slobozia', ''),
(671, 31, 'Iasi', ''),
(672, 31, 'Baia Mare', ''),
(673, 31, 'Drobeta Turnu Severin', ''),
(674, 31, 'Tirgu Mures', ''),
(675, 31, 'Piatra Neamt', ''),
(676, 31, 'Slatina', ''),
(677, 31, 'Ploiesti', ''),
(678, 31, 'Zalau', ''),
(679, 31, 'Satu Mare', ''),
(680, 31, 'Sibiu', ''),
(681, 31, 'Suceava', ''),
(682, 31, 'Alexandria', ''),
(683, 31, 'Timisoara', ''),
(684, 31, 'Tulcea', ''),
(685, 31, 'Vaslui', ''),
(686, 31, 'Rimnicu Vilcea', ''),
(687, 31, 'Focsani', ''),
(688, 32, 'Adana', ''),
(689, 32, 'Osmaniye', ''),
(690, 32, 'Adiyaman', ''),
(691, 32, 'Afyon', ''),
(692, 32, 'Agri', ''),
(693, 32, 'Aksaray', ''),
(694, 32, 'Amasya', ''),
(695, 32, 'Ankara', ''),
(696, 32, 'Antalya', ''),
(697, 32, 'Artvin', ''),
(698, 32, 'Aydin', ''),
(699, 32, 'Balikesir', ''),
(700, 32, 'Batman', ''),
(701, 32, 'Bayburt', ''),
(702, 32, 'Bilecik', ''),
(703, 32, 'Bingol', ''),
(704, 32, 'Bitlis', ''),
(705, 32, 'Bolu', ''),
(706, 32, 'Burdur', ''),
(707, 32, 'Bursa', ''),
(708, 32, 'Canakkale', ''),
(709, 32, 'Cankiri', ''),
(710, 32, 'Corum', ''),
(711, 32, 'Denizli', ''),
(712, 32, 'Diyarbakir', ''),
(713, 32, 'Edirne', ''),
(714, 32, 'Elazig', ''),
(715, 32, 'Erzincan', ''),
(716, 32, 'Erzurum', ''),
(717, 32, 'Eskisehir', ''),
(718, 32, 'Gaziantep', ''),
(719, 32, 'Giresun', ''),
(720, 32, 'Gumushane', ''),
(721, 32, 'Hakkari', ''),
(722, 32, 'Iskenderun', ''),
(723, 32, 'Antakya', ''),
(724, 32, 'Mersin', ''),
(725, 32, 'Tarsus', ''),
(726, 32, 'Isparta', ''),
(727, 32, 'Istanbul', ''),
(728, 32, 'Izmir', ''),
(729, 32, 'Karaman', ''),
(730, 32, 'Karaman Maras', ''),
(731, 32, 'Kars', ''),
(732, 32, 'Kastamonu', ''),
(733, 32, 'Kayseri', ''),
(734, 32, 'Kirikkale', ''),
(735, 32, 'Kirklareli', ''),
(736, 32, 'Kirsehir', ''),
(737, 32, 'Izmit', ''),
(738, 32, 'Kocaeli', ''),
(739, 32, 'Gebze', ''),
(740, 32, 'Adapazari', ''),
(741, 32, 'Konya', ''),
(742, 32, 'Kutahya', ''),
(743, 32, 'Malatya', ''),
(744, 32, 'Manisa', ''),
(745, 32, 'Mardin', ''),
(746, 32, 'Mugla', ''),
(747, 32, 'Mus', ''),
(748, 32, 'Nevsehir', ''),
(749, 32, 'Nigde', ''),
(750, 32, 'Ordu', ''),
(751, 32, 'Rize', ''),
(752, 32, 'Sakarya', ''),
(753, 32, 'Samsun', ''),
(754, 32, 'Urfa', ''),
(755, 32, 'Siirt', ''),
(756, 32, 'Sinop', ''),
(757, 32, 'Sirnak', ''),
(758, 32, 'Sivas', ''),
(759, 32, 'Tekirdag', ''),
(760, 32, 'Tokat', ''),
(761, 32, 'Trabzon', ''),
(762, 32, 'Tunceli', ''),
(763, 32, 'Usak', ''),
(764, 32, 'Van', ''),
(765, 32, 'Yozgat', ''),
(766, 32, 'Zonguldak', ''),
(767, 32, 'Karabuk', ''),
(768, 33, 'Copenhagen', ''),
(769, 33, 'Aarhus', ''),
(770, 33, 'Odense', ''),
(771, 33, 'Aalborg', ''),
(772, 33, 'Esbjerg', ''),
(773, 33, 'Randers', ''),
(774, 34, 'Tallinn', ''),
(775, 35, 'Torshavn', ''),
(776, 36, 'Mariehamn', ''),
(777, 36, 'Tampere', ''),
(778, 36, 'Lahti', ''),
(779, 36, 'Haemeenlinna', ''),
(780, 36, 'Kuopio', ''),
(781, 36, 'Lappeenrenta', ''),
(782, 36, 'Kotka', ''),
(783, 36, 'Rovaniemi', ''),
(784, 36, 'Mikkeli', ''),
(785, 36, 'Jyvaeskylae', ''),
(786, 36, 'Joensuu', ''),
(787, 36, 'Oulu', ''),
(788, 36, 'Pori', ''),
(789, 36, 'Turku', ''),
(790, 36, 'Helsinki', ''),
(791, 36, 'Espoo', ''),
(792, 36, 'Vaasa', ''),
(793, 37, 'Oslo', ''),
(794, 37, 'Moss', ''),
(795, 37, 'Hamar', ''),
(796, 37, 'Lillehammer', ''),
(797, 37, 'Drammen', ''),
(798, 37, 'Toensberg', ''),
(799, 37, 'Skien', ''),
(800, 37, 'Arendal', ''),
(801, 37, 'Kristiansand', ''),
(802, 37, 'Stavanger', ''),
(803, 37, 'Bergen', ''),
(804, 37, 'Hermannsverk', ''),
(805, 37, 'Molde', ''),
(806, 37, 'Trondheim', ''),
(807, 37, 'Steinkjer', ''),
(808, 37, 'Svolvaer', ''),
(809, 37, 'Narvik', ''),
(810, 37, 'Bodoe', ''),
(811, 37, 'Tromsoe', ''),
(812, 37, 'Hammerfest', ''),
(813, 37, 'Vadsoe', ''),
(814, 38, 'Vanersborg', ''),
(815, 38, 'Karlskrona', ''),
(816, 38, 'Gavle', ''),
(817, 38, 'Goteborg', ''),
(818, 38, 'Visby', ''),
(819, 38, 'Halmstad', ''),
(820, 38, 'Ostersund', ''),
(821, 38, 'Jonkoping', ''),
(822, 38, 'Kalmar', ''),
(823, 38, 'Falun', ''),
(824, 38, 'Kristianstad', ''),
(825, 38, 'Vaxjo', ''),
(826, 38, 'Malmo', ''),
(827, 38, 'Helsingborg', ''),
(828, 38, 'Lulea', ''),
(829, 38, 'Jokkmokk', ''),
(830, 38, 'Orebro', ''),
(831, 38, 'Linkoping', ''),
(832, 38, 'Norrkoping', ''),
(833, 38, 'Mariestad', ''),
(834, 38, 'Nykoping', ''),
(835, 38, 'Stockholm', ''),
(836, 38, 'Uppsala', ''),
(837, 38, 'Karlstad', ''),
(838, 38, 'Umea', ''),
(839, 38, 'Harnosand', ''),
(840, 38, 'Vasteras', ''),
(841, 39, 'Monaco', ''),
(842, 40, 'Gibraltar', ''),
(843, 41, 'Saint Peter Port', ''),
(844, 42, 'Vatican City', ''),
(845, 43, 'Reykjavik', ''),
(846, 43, 'Keflavik', ''),
(847, 43, 'Hafnarfjoerdur', ''),
(848, 43, 'Akureyri', ''),
(849, 44, 'Dublin', ''),
(850, 45, 'San Marino', ''),
(851, 46, 'Saint Helier', ''),
(852, 47, 'Valletta', ''),
(853, 47, 'Victoria', ''),
(854, 48, 'Douglas', ''),
(855, 49, 'Chisinau', ''),
(856, 50, 'Aveiro', ''),
(857, 50, 'Beja', ''),
(858, 50, 'Braga', ''),
(859, 50, 'Braganca', ''),
(860, 50, 'Castelo Branco', ''),
(861, 50, 'Coimbra', ''),
(862, 50, 'Evora', ''),
(863, 50, 'Faro', ''),
(864, 50, 'Guarda', ''),
(865, 50, 'Leiria', ''),
(866, 50, 'Lisbon', ''),
(867, 50, 'Amadora', ''),
(868, 50, 'Barreiro', ''),
(869, 50, 'Almada', ''),
(870, 50, 'Portalegre', ''),
(871, 50, 'Porto', ''),
(872, 50, 'Vila Nova de Gaia', ''),
(873, 50, 'Santarem', ''),
(874, 50, 'Setubal', ''),
(875, 50, 'Viana do Castelo', ''),
(876, 50, 'Vila Real', ''),
(877, 50, 'Viseu', ''),
(878, 50, 'Ponta Delgada', ''),
(879, 50, 'Funchal', ''),
(880, 51, 'Longyearbyen', ''),
(881, 52, 'Bristol', ''),
(882, 52, 'Bedford', ''),
(883, 52, 'Luton', ''),
(884, 52, 'Reading', ''),
(885, 52, 'Wokingham', ''),
(886, 52, 'Newbury', ''),
(887, 52, 'Windsor', ''),
(888, 52, 'Slough', ''),
(889, 52, 'Bracknell', ''),
(890, 52, 'Aylesbury', ''),
(891, 52, 'Milton Keynes', ''),
(892, 52, 'Wycombe', ''),
(893, 52, 'Cambridge', ''),
(894, 52, 'Peterborough', ''),
(895, 52, 'Huntingdon', ''),
(896, 52, 'Chester', ''),
(897, 52, 'Warrington', ''),
(898, 52, 'Macclesfield', ''),
(899, 52, 'Crewe', ''),
(900, 52, 'Middlesbrough', ''),
(901, 52, 'Stockton on Tees', ''),
(902, 52, 'Truro', ''),
(903, 52, 'Carlisle', ''),
(904, 52, 'Derby', ''),
(905, 52, 'Sutton in Ashfield', ''),
(906, 52, 'Chesterfield', ''),
(907, 52, 'Matlock', ''),
(908, 52, 'Plymouth', ''),
(909, 52, 'Exeter', ''),
(910, 52, 'Bournemouth', ''),
(911, 52, 'Poole', ''),
(912, 52, 'Dorchester', ''),
(913, 52, 'Darlington', ''),
(914, 52, 'Durham', ''),
(915, 52, 'Brighton', ''),
(916, 52, 'Lewes', ''),
(917, 52, 'Chelmsford', ''),
(918, 52, 'Southend on Sea', ''),
(919, 52, 'Basildon', ''),
(920, 52, 'Colchester', ''),
(921, 52, 'Braintree', ''),
(922, 52, 'Epping Forest', ''),
(923, 52, 'Cheltenham', ''),
(924, 52, 'Stroud', ''),
(925, 52, 'Gloucester', ''),
(926, 52, 'London', ''),
(927, 52, 'Manchester', ''),
(928, 52, 'Wigan', ''),
(929, 52, 'Stockport', ''),
(930, 52, 'Bolton', ''),
(931, 52, 'Salford', ''),
(932, 52, 'Tameside', ''),
(933, 52, 'Oldham', ''),
(934, 52, 'Trafford', ''),
(935, 52, 'Rochdale', ''),
(936, 52, 'Bury', ''),
(937, 52, 'Winchester', ''),
(938, 52, 'Southampton', ''),
(939, 52, 'Portsmouth', ''),
(940, 52, 'Basingstoke', ''),
(941, 52, 'Havant', ''),
(942, 52, 'Eastleigh', ''),
(943, 52, 'Fareham', ''),
(944, 52, 'Worcester', ''),
(945, 52, 'Saint Albans', ''),
(946, 52, 'Hertford', ''),
(947, 52, 'Kingston upon Hull', ''),
(948, 52, 'Beverley', ''),
(949, 52, 'Hull', ''),
(950, 52, 'Maidstone', ''),
(951, 52, 'Rochester upon Medway', ''),
(952, 52, 'Canterbury', ''),
(953, 52, 'Swale', ''),
(954, 52, 'Sevenoaks', ''),
(955, 52, 'Dover', ''),
(956, 52, 'Tonbridge', ''),
(957, 52, 'Tunbridge Wells', ''),
(958, 52, 'Preston', ''),
(959, 52, 'Blackpool', ''),
(960, 52, 'Blackburn', ''),
(961, 52, 'Lancaster', ''),
(962, 52, 'Leichester', ''),
(963, 52, 'Lincoln', ''),
(964, 52, 'Liverpool', ''),
(965, 52, 'Wiral', ''),
(966, 52, 'Sefton', ''),
(967, 52, 'Saint Helens', ''),
(968, 52, 'Knowsley', ''),
(969, 52, 'Norwich', ''),
(970, 52, 'Kings Lynn', ''),
(971, 52, 'Northampton', ''),
(972, 52, 'Harrogate', ''),
(973, 52, 'Scarborough', ''),
(974, 52, 'York', ''),
(975, 52, 'Northallerton', ''),
(976, 52, 'Nottingham', ''),
(977, 52, 'Newark on Trent', ''),
(978, 52, 'Mansfield', ''),
(979, 52, 'Oxford', ''),
(980, 52, 'Shrewsbury', ''),
(981, 52, 'Taunton', ''),
(982, 52, 'Barnsley', ''),
(983, 52, 'Sheffield', ''),
(984, 52, 'Doncaster', ''),
(985, 52, 'Rotherham', ''),
(986, 52, 'Stafford', ''),
(987, 52, 'Stoke on Trent', ''),
(988, 52, 'Newcastle under Lyme', ''),
(989, 52, 'Ipswich', ''),
(990, 52, 'Guildford', ''),
(991, 52, 'Reigate', ''),
(992, 52, 'Elmbridge', ''),
(993, 52, 'Kingston', ''),
(994, 52, 'Sunderland', ''),
(995, 52, 'Newcastle upon Tyne', ''),
(996, 52, 'Gateshead', ''),
(997, 52, 'Warwick', ''),
(998, 52, 'Nuneaton', ''),
(999, 52, 'Stratford on Avon', ''),
(1000, 52, 'Birmingham', ''),
(1001, 52, 'Dudley', ''),
(1002, 52, 'Coventry', ''),
(1003, 52, 'Walsall', ''),
(1004, 52, 'Wolverhampton', ''),
(1005, 52, 'Solihull', ''),
(1006, 52, 'West Bromwich', ''),
(1007, 52, 'Sandwell', ''),
(1008, 52, 'Chichester', ''),
(1009, 52, 'Horsham', ''),
(1010, 52, 'Wakefield', ''),
(1011, 52, 'Leeds', ''),
(1012, 52, 'Bradford', ''),
(1013, 52, 'Kirklees', ''),
(1014, 52, 'Huddersfield', ''),
(1015, 52, 'Salisbury', ''),
(1016, 52, 'Trowbridge', ''),
(1017, 52, 'Newtown St. Boswells', ''),
(1018, 52, 'Stirling', ''),
(1019, 52, 'Dumfries', ''),
(1020, 52, 'Glenrothes', ''),
(1021, 52, 'Aberdeen', ''),
(1022, 52, 'Inverness', ''),
(1023, 52, 'Edinburgh', ''),
(1024, 52, 'Glasgow', ''),
(1025, 52, 'Renfrew', ''),
(1026, 52, 'Dundee', ''),
(1027, 52, 'Colwyn Bay', ''),
(1028, 52, 'Llangefni', ''),
(1029, 52, 'Ebbw Vale', ''),
(1030, 52, 'Bridgend', ''),
(1031, 52, 'Ystrad Fawr', ''),
(1032, 52, 'Cardiff', ''),
(1033, 52, 'Carmarthen', ''),
(1034, 52, 'Aberystwyth', ''),
(1035, 52, 'Ruthin', ''),
(1036, 52, 'Mold', ''),
(1037, 52, 'Caernarfon', ''),
(1038, 52, 'Merthyr Tydfil', ''),
(1039, 52, 'Cwmbran', ''),
(1040, 52, 'Port Talbot', ''),
(1041, 52, 'Newport', ''),
(1042, 52, 'Haverfordwest', ''),
(1043, 52, 'Llandrindod Wells', ''),
(1044, 52, 'Rhondda', ''),
(1045, 52, 'Swansea', ''),
(1046, 52, 'Pontypool', ''),
(1047, 52, 'Rhymney Valley', ''),
(1048, 52, 'Barry', ''),
(1049, 52, 'Wrexham', ''),
(1050, 52, 'Belfast', ''),
(1051, 52, 'Kirkwall', ''),
(1052, 52, 'Stornoway', ''),
(1053, 52, 'Lerwick', ''),
(1054, 53, 'Kabul', ''),
(1055, 54, 'Hefei', ''),
(1056, 54, 'Huainan', ''),
(1057, 54, 'Suzhou', ''),
(1058, 54, 'Bengbu', ''),
(1059, 54, 'Wuhu', ''),
(1060, 54, 'Huaibei', ''),
(1061, 54, 'Maanshan', ''),
(1062, 54, 'Anqing', ''),
(1063, 54, 'Tongling', ''),
(1064, 54, 'Fuyang', ''),
(1065, 54, 'Luan', ''),
(1066, 54, 'Chuxian', ''),
(1067, 54, 'Chaoxian', ''),
(1068, 54, 'Xuancheng', ''),
(1069, 54, 'Fuzhou', ''),
(1070, 54, 'Xiamen', ''),
(1071, 54, 'Nanping', ''),
(1072, 54, 'Quanzhou', ''),
(1073, 54, 'Zhangzhou', ''),
(1074, 54, 'Sanming', ''),
(1075, 54, 'Longyan', ''),
(1076, 54, 'Yongan', ''),
(1077, 54, 'Lanzhou', ''),
(1078, 54, 'Tianshui', ''),
(1079, 54, 'Baiyin', ''),
(1080, 54, 'Wuwei', ''),
(1081, 54, 'Yumen', ''),
(1082, 54, 'Guangzhou', ''),
(1083, 54, 'Shantou', ''),
(1084, 54, 'Zhanjiang', ''),
(1085, 54, 'Shenzhen', ''),
(1086, 54, 'Shaoguan', ''),
(1087, 54, 'Chaozhou', ''),
(1088, 54, 'Dongguan', ''),
(1089, 54, 'Foshan', ''),
(1090, 54, 'Zhongshan', ''),
(1091, 54, 'Jiangmen', ''),
(1092, 54, 'Yangjiang', ''),
(1093, 54, 'Zhaoqing', ''),
(1094, 54, 'Maoming', ''),
(1095, 54, 'Zhuhai', ''),
(1096, 54, 'Huizhou', ''),
(1097, 54, 'Meixian', ''),
(1098, 54, 'Heyuan', ''),
(1099, 54, 'Shanwei', ''),
(1100, 54, 'Guiyang', ''),
(1101, 54, 'Liupanshui', ''),
(1102, 54, 'Zunyi', ''),
(1103, 54, 'Anshun', ''),
(1104, 54, 'Duyun', ''),
(1105, 54, 'Kaili', ''),
(1106, 54, 'Haikou', ''),
(1107, 54, 'Sanya', ''),
(1108, 54, 'Shijiazhuang', ''),
(1109, 54, 'Tangshan', ''),
(1110, 54, 'Handan', ''),
(1111, 54, 'Zhangjiakou', ''),
(1112, 54, 'Baoding', ''),
(1113, 54, 'Qinhuangdao', ''),
(1114, 54, 'Xingtai', ''),
(1115, 54, 'Chengde', ''),
(1116, 54, 'Renqiu', ''),
(1117, 54, 'Quzhou', ''),
(1118, 54, 'Hengshui', ''),
(1119, 54, 'Harbin', ''),
(1120, 54, 'Qiqihar', ''),
(1121, 54, 'Yichun', ''),
(1122, 54, 'Jixi', ''),
(1123, 54, 'Daqing', ''),
(1124, 54, 'Mudanjiang', ''),
(1125, 54, 'Hegang', ''),
(1126, 54, 'Jiamusi', ''),
(1127, 54, 'Shuangyashan', ''),
(1128, 54, 'Suihua', ''),
(1129, 54, 'Shangzhi', ''),
(1130, 54, 'Qitaihe', ''),
(1131, 54, 'Beian', ''),
(1132, 54, 'Acheng', ''),
(1133, 54, 'Zhaodong', ''),
(1134, 54, 'Fuling', ''),
(1135, 54, 'Shuangcheng', ''),
(1136, 54, 'Anda', ''),
(1137, 54, 'Mishan', ''),
(1138, 54, 'Zhengzhou', ''),
(1139, 54, 'Luoyang', ''),
(1140, 54, 'Kaifeng', ''),
(1141, 54, 'Xinxiang', ''),
(1142, 54, 'Anyang', ''),
(1143, 54, 'Pingdingshan', ''),
(1144, 54, 'Jiaozuo', ''),
(1145, 54, 'Nanyang', ''),
(1146, 54, 'Hebi', ''),
(1147, 54, 'Xuchang', ''),
(1148, 54, 'Xinyang', ''),
(1149, 54, 'Puyang', ''),
(1150, 54, 'Shangqiu', ''),
(1151, 54, 'Zhoukou', ''),
(1152, 54, 'Luohe', ''),
(1153, 54, 'Zhumadian', ''),
(1154, 54, 'Sanmenxia', ''),
(1155, 54, 'Wuhan', ''),
(1156, 54, 'Huangshi', ''),
(1157, 54, 'Xiangfan', ''),
(1158, 54, 'Yichang', ''),
(1159, 54, 'Shashi', ''),
(1160, 54, 'Shiyan', ''),
(1161, 54, 'Cangzhou', ''),
(1162, 54, 'Honghu', ''),
(1163, 54, 'Echeng', ''),
(1164, 54, 'Tianmen', ''),
(1165, 54, 'Xiaogan', ''),
(1166, 54, 'Zaoyang', ''),
(1167, 54, 'Xianning', ''),
(1168, 54, 'Laohekou', ''),
(1169, 54, 'Puqi', ''),
(1170, 54, 'Shishou', ''),
(1171, 54, 'Guangshui', ''),
(1172, 54, 'Changsha', ''),
(1173, 54, 'Hengyang', ''),
(1174, 54, 'Xiangtan', ''),
(1175, 54, 'Zhuzhou', ''),
(1176, 54, 'Yueyang', ''),
(1177, 54, 'Changde', ''),
(1178, 54, 'Shaoyang', ''),
(1179, 54, 'Yiyang', ''),
(1180, 54, 'Lengshuijiang', ''),
(1181, 54, 'Leiyang', ''),
(1182, 54, 'Loudi', ''),
(1183, 54, 'Huaihua', ''),
(1184, 54, 'Zixing', ''),
(1185, 54, 'Liling', ''),
(1186, 54, 'Yuanjiang', ''),
(1187, 54, 'Nanjing', ''),
(1188, 54, 'Wuxi', ''),
(1189, 54, 'Xuzhou', ''),
(1190, 54, 'Suzhou', ''),
(1191, 54, 'Changzhou', ''),
(1192, 54, 'Zhenjiang', ''),
(1193, 54, 'Lianyungang', ''),
(1194, 54, 'Nantong', ''),
(1195, 54, 'Yangzhou', ''),
(1196, 54, 'Yancheng', ''),
(1197, 54, 'Huaiyin', ''),
(1198, 54, 'Jiangyin', ''),
(1199, 54, 'Yixing', ''),
(1200, 54, 'Dongtai', ''),
(1201, 54, 'Changshu', ''),
(1202, 54, 'Danyang', ''),
(1203, 54, 'Xinghua', ''),
(1204, 54, 'Taizhou', ''),
(1205, 54, 'Huaian', ''),
(1206, 54, 'Liyang', ''),
(1207, 54, 'Yizheng', ''),
(1208, 54, 'Suqian', ''),
(1209, 54, 'Kunshan', ''),
(1210, 54, 'Nanchang', ''),
(1211, 54, 'Fuzhou', ''),
(1212, 54, 'Yichun', ''),
(1213, 54, 'Pingxiang', ''),
(1214, 54, 'Jiujiang', ''),
(1215, 54, 'Jingdezhen', ''),
(1216, 54, 'Ganzhou', ''),
(1217, 54, 'Xinyu', ''),
(1218, 54, 'Shangrao', ''),
(1219, 54, 'Jilin', ''),
(1220, 54, 'Changchun', ''),
(1221, 54, 'Hunjiang', ''),
(1222, 54, 'Liaoyuan', ''),
(1223, 54, 'Tonghua', ''),
(1224, 54, 'Siping', ''),
(1225, 54, 'Dunhua', ''),
(1226, 54, 'Yanji', ''),
(1227, 54, 'Gongzhuling', ''),
(1228, 54, 'Baicheng', ''),
(1229, 54, 'Meihekou', ''),
(1230, 54, 'Fuyu', ''),
(1231, 54, 'Jiutai', ''),
(1232, 54, 'Huadian', ''),
(1233, 54, 'Longjing', ''),
(1234, 54, 'Daan', ''),
(1235, 54, 'Shenyang', ''),
(1236, 54, 'Dalian', ''),
(1237, 54, 'Anshan', ''),
(1238, 54, 'Fushun', ''),
(1239, 54, 'Benxi', ''),
(1240, 54, 'Fuxin', ''),
(1241, 54, 'Jinzhou', ''),
(1242, 54, 'Dandong', ''),
(1243, 54, 'Liaoyang', ''),
(1244, 54, 'Yingkou', ''),
(1245, 54, 'Panshan', ''),
(1246, 54, 'Jinxi', ''),
(1247, 54, 'Tieling', ''),
(1248, 54, 'Wafangdian', ''),
(1249, 54, 'Chaoyang', ''),
(1250, 54, 'Haicheng', ''),
(1251, 54, 'Beipiao', ''),
(1252, 54, 'Fengcheng', ''),
(1253, 54, 'Xingcheng', ''),
(1254, 54, 'Xining', ''),
(1255, 54, 'Yushu', ''),
(1256, 54, 'Xian', ''),
(1257, 54, 'Xianyang', ''),
(1258, 54, 'Baoji', ''),
(1259, 54, 'Tongchuan', ''),
(1260, 54, 'Hanzhong', ''),
(1261, 54, 'Ankang', ''),
(1262, 54, 'Weinan', ''),
(1263, 54, 'Yanan', ''),
(1264, 54, 'Jinan', ''),
(1265, 54, 'Zibo', ''),
(1266, 54, 'Qingdao', ''),
(1267, 54, 'Yantai', ''),
(1268, 54, 'Weifang', ''),
(1269, 54, 'Zaozhuang', ''),
(1270, 54, 'Taian', ''),
(1271, 54, 'Linyi', ''),
(1272, 54, 'Tengxian', ''),
(1273, 54, 'Dongying', ''),
(1274, 54, 'Xintai', ''),
(1275, 54, 'Jining', ''),
(1276, 54, 'Laiwu', ''),
(1277, 54, 'Liaocheng', ''),
(1278, 54, 'Dezhou', ''),
(1279, 54, 'Heze', ''),
(1280, 54, 'Rizhao', ''),
(1281, 54, 'Liancheng', ''),
(1282, 54, 'Jiaoxian', ''),
(1283, 54, 'Pingdu', ''),
(1284, 54, 'Longkou', ''),
(1285, 54, 'Laiyang', ''),
(1286, 54, 'Wendeng', ''),
(1287, 54, 'Weihai', ''),
(1288, 54, 'Linqing', ''),
(1289, 54, 'Jiaonan', ''),
(1290, 54, 'Zhucheng', ''),
(1291, 54, 'Taiyuan', ''),
(1292, 54, 'Datong', ''),
(1293, 54, 'Yangquan', ''),
(1294, 54, 'Changzhi', ''),
(1295, 54, 'Yuci', ''),
(1296, 54, 'Linfen', ''),
(1297, 54, 'Jincheng', ''),
(1298, 54, 'Chengdu', ''),
(1299, 54, 'Chongqing', ''),
(1300, 54, 'Dukou', ''),
(1301, 54, 'Zigong', ''),
(1302, 54, 'Leshan', ''),
(1303, 54, 'Mianyang', ''),
(1304, 54, 'Luzhou', ''),
(1305, 54, 'Neijiang', ''),
(1306, 54, 'Yibin', ''),
(1307, 54, 'Qianjiang', ''),
(1308, 54, 'Daxian', ''),
(1309, 54, 'Deyang', ''),
(1310, 54, 'Guangyuan', ''),
(1311, 54, 'Nanchong', ''),
(1312, 54, 'Jiangyou', ''),
(1313, 54, 'Wanxian', ''),
(1314, 54, 'Xichang', ''),
(1315, 54, 'Kunming', ''),
(1316, 54, 'Gejiu', ''),
(1317, 54, 'Qujing', ''),
(1318, 54, 'Hangzhou', ''),
(1319, 54, 'Ningbo', ''),
(1320, 54, 'Wenzhou', ''),
(1321, 54, 'Huzhou', ''),
(1322, 54, 'Jiaxing', ''),
(1323, 54, 'Shaoxing', ''),
(1324, 54, 'Xiaoshan', ''),
(1325, 54, 'Ruian', ''),
(1326, 54, 'Zhoushan', ''),
(1327, 54, 'Jinhua', ''),
(1328, 54, 'Yuyao', ''),
(1329, 54, 'Cixi', ''),
(1330, 54, 'Haining', ''),
(1331, 54, 'Nanning', ''),
(1332, 54, 'Liuzhou', ''),
(1333, 54, 'Guilin', ''),
(1334, 54, 'Wuzhou', ''),
(1335, 54, 'Qinzhou', ''),
(1336, 54, 'Guixian', ''),
(1337, 54, 'Beihai', ''),
(1338, 54, 'Hohhot', ''),
(1339, 54, 'Baotou', ''),
(1340, 54, 'Yakeshi', ''),
(1341, 54, 'Chifeng', ''),
(1342, 54, 'Jining', ''),
(1343, 54, 'Wuhai', ''),
(1344, 54, 'Tongliao', ''),
(1345, 54, 'Hailar', ''),
(1346, 54, 'Ulanhot', ''),
(1347, 54, 'Linhe', ''),
(1348, 54, 'Manzhouli', ''),
(1349, 54, 'Yinchuan', ''),
(1350, 54, 'Shizuishan', ''),
(1351, 54, 'Urumqi', ''),
(1352, 54, 'Shihezi', ''),
(1353, 54, 'Karamay', ''),
(1354, 54, 'Yining', ''),
(1355, 54, 'Kashi', ''),
(1356, 54, 'Aksu', ''),
(1357, 54, 'Hami', ''),
(1358, 54, 'Korla', ''),
(1359, 54, 'Lhasa', ''),
(1360, 54, 'Beijing', ''),
(1361, 54, 'Shanghai', ''),
(1362, 54, 'Tianjin', ''),
(1363, 55, 'Orumiyeh', ''),
(1364, 55, 'Khvoy', ''),
(1365, 55, 'Maragheh', ''),
(1366, 55, 'Tabriz', ''),
(1367, 55, 'Ardabil', ''),
(1368, 55, 'Bakhtaran', ''),
(1369, 55, 'Yasuj', ''),
(1370, 55, 'Bandar e Bushehr', ''),
(1371, 55, 'Bushehr', ''),
(1372, 55, 'Shahr e Kord', ''),
(1373, 55, 'Esfahan', ''),
(1374, 55, 'Najafabad', ''),
(1375, 55, 'Khomeynishahr', ''),
(1376, 55, 'Shiraz', ''),
(1377, 55, 'Rasht', ''),
(1378, 55, 'Hamadan', ''),
(1379, 55, 'Malayer', ''),
(1380, 55, 'Bandar Abbas', ''),
(1381, 55, 'Ilam', ''),
(1382, 55, 'Kerman', ''),
(1383, 55, 'Sirjan', ''),
(1384, 55, 'Mashhad', ''),
(1385, 55, 'Sabzevar', ''),
(1386, 55, 'Neyshabur', ''),
(1387, 55, 'Bojnurd', ''),
(1388, 55, 'Birjand', ''),
(1389, 55, 'Ahvaz', ''),
(1390, 55, 'Khorramshahr', ''),
(1391, 55, 'Dezful', ''),
(1392, 55, 'Masjed e Soleyman', ''),
(1393, 55, 'Sanandaj', ''),
(1394, 55, 'Khorramabad', ''),
(1395, 55, 'Borujerd', ''),
(1396, 55, 'Arak', ''),
(1397, 55, 'Sari', ''),
(1398, 55, 'Gorgan', ''),
(1399, 55, 'Amol', ''),
(1400, 55, 'Babol', ''),
(1401, 55, 'Qaemshahr', ''),
(1402, 55, 'Gonbad e Kavus', ''),
(1403, 55, 'Semnan', ''),
(1404, 55, 'Zahedan', ''),
(1405, 55, 'Tehran', ''),
(1406, 55, 'Qom', ''),
(1407, 55, 'Karaj', ''),
(1408, 55, 'Mehrshahr', ''),
(1409, 55, 'Rajaishahr', ''),
(1410, 55, 'Qazvin', ''),
(1411, 55, 'Kashan', ''),
(1412, 55, 'Islamshahr', ''),
(1413, 55, 'Yazd', ''),
(1414, 55, 'Zanjan', ''),
(1415, 56, 'Islamabad', ''),
(1416, 56, 'Hyderabad', ''),
(1417, 56, 'Quetta', ''),
(1418, 56, 'Peshawar', ''),
(1419, 56, 'Lahore', ''),
(1420, 56, 'Karachi', ''),
(1421, 56, 'Lyallpur', ''),
(1422, 56, 'Gujranwala', ''),
(1423, 56, 'Rawalpindi', ''),
(1424, 56, 'Multan', ''),
(1425, 56, 'Sialkot', ''),
(1426, 56, 'Sargodha', ''),
(1427, 56, 'Lahore Cantonment', ''),
(1428, 56, 'Jhang', ''),
(1429, 56, 'Sukkur', ''),
(1430, 56, 'Bahawalpur', ''),
(1431, 56, 'Kasur', ''),
(1432, 56, 'Gujrat', ''),
(1433, 56, 'Okara', ''),
(1434, 56, 'Sahiwal', ''),
(1435, 56, 'Mardan', ''),
(1436, 56, 'Sheikhupura', ''),
(1437, 56, 'Mirpur Khas', ''),
(1438, 56, 'Larkana', ''),
(1439, 56, 'Wah Cantonment', ''),
(1440, 56, 'Rahim Yar Khan', ''),
(1441, 56, 'Jhelum', ''),
(1442, 56, 'Chiniot', ''),
(1443, 56, 'Nawabshah', ''),
(1444, 56, 'Dera Ghazi Khan', ''),
(1445, 57, 'Khujand', ''),
(1446, 57, 'Kulob', ''),
(1447, 57, 'Qurghonteppa', ''),
(1448, 57, 'Khorugh', ''),
(1449, 57, 'Dushanbe', ''),
(1450, 58, 'Ashgabat', ''),
(1451, 58, 'Nebitdag', ''),
(1452, 58, 'Tashauz', ''),
(1453, 58, 'Charjew', ''),
(1454, 58, 'Mary', ''),
(1455, 59, 'Andijon', ''),
(1456, 59, 'Bukhoro', ''),
(1457, 59, 'Farghona', ''),
(1458, 59, 'Quqon', ''),
(1459, 59, 'Marghilon', ''),
(1460, 59, 'Jizzakh', ''),
(1461, 59, 'Urganch', ''),
(1462, 59, 'Namangan', ''),
(1463, 59, 'Nawoiy', ''),
(1464, 59, 'Qarshi', ''),
(1465, 59, 'Samarqand', ''),
(1466, 59, 'Guliston', ''),
(1467, 59, 'Termiz', ''),
(1468, 59, 'Tashkent', ''),
(1469, 59, 'Chirchiq', ''),
(1470, 59, 'Angren', ''),
(1471, 59, 'Olmaliq', ''),
(1472, 59, 'Nukus', ''),
(1473, 60, 'Yerevan', ''),
(1474, 61, 'Tbilisi', ''),
(1475, 62, 'Baku', ''),
(1476, 63, 'Manama', ''),
(1477, 64, 'Dhaka', ''),
(1478, 64, 'Khulna', ''),
(1479, 64, 'Rajshahi', ''),
(1480, 64, 'Narayanganj', ''),
(1481, 64, 'Rangpur', ''),
(1482, 64, 'Mymensingh', ''),
(1483, 64, 'Barisal', ''),
(1484, 64, 'Tongi', ''),
(1485, 64, 'Comilla', ''),
(1486, 64, 'Jessore', ''),
(1487, 64, 'Nawabganj', ''),
(1488, 64, 'Dinajpur', ''),
(1489, 64, 'Bogra', ''),
(1490, 64, 'Brahmanbaria', ''),
(1491, 64, 'Savar', ''),
(1492, 64, 'Tangail', ''),
(1493, 64, 'Pabna', ''),
(1494, 64, 'Jamalpur', ''),
(1495, 64, 'Naogaon', ''),
(1496, 64, 'Sylhet', ''),
(1497, 64, 'Sirajganj', ''),
(1498, 64, 'Narsinghdi', ''),
(1499, 64, 'Saidpur', ''),
(1500, 64, 'Gazipur', ''),
(1501, 64, 'Chittagong', ''),
(1502, 65, 'Pathein', ''),
(1503, 65, 'Magway', ''),
(1504, 65, 'Mandalay', ''),
(1505, 65, 'Bago', ''),
(1506, 65, 'Rangoon', ''),
(1507, 65, 'Monywa', ''),
(1508, 65, 'Sagaing', ''),
(1509, 65, 'Tavoy', ''),
(1510, 65, 'Hakha', ''),
(1511, 65, 'Myitkyina', ''),
(1512, 65, 'Hpa an', ''),
(1513, 65, 'Loikaw', ''),
(1514, 65, 'Moulmein', ''),
(1515, 65, 'Akyab', ''),
(1516, 65, 'Taunggyi', ''),
(1517, 66, 'Hyderabad', ''),
(1518, 66, 'Vishakhapatnam', ''),
(1519, 66, 'Vijayawada', ''),
(1520, 66, 'Guntur', ''),
(1521, 66, 'Warangal', ''),
(1522, 66, 'Rajahmundry', ''),
(1523, 66, 'Itanagar', ''),
(1524, 66, 'Gauhati', ''),
(1525, 66, 'Dispur', ''),
(1526, 66, 'Patna', ''),
(1527, 66, 'Ranchi', ''),
(1528, 66, 'Jamshedpur', ''),
(1529, 66, 'Bokara Steel City', ''),
(1530, 66, 'Panaji', ''),
(1531, 66, 'Ahmadabad', ''),
(1532, 66, 'Surat', ''),
(1533, 66, 'Vadodara', ''),
(1534, 66, 'Rajkot', ''),
(1535, 66, 'Bhavnagar', ''),
(1536, 66, 'Jamnagar', ''),
(1537, 66, 'Gandhinagar', ''),
(1538, 66, 'Simla', ''),
(1539, 66, 'Srinagar', ''),
(1540, 66, 'Jammu', ''),
(1541, 66, 'Bangalore', ''),
(1542, 66, 'Hubli', ''),
(1543, 66, 'Mysore', ''),
(1544, 66, 'Trivandrum', ''),
(1545, 66, 'Cochin', ''),
(1546, 66, 'Kozhikode', ''),
(1547, 66, 'Bhopal', ''),
(1548, 66, 'Indore', ''),
(1549, 66, 'Jabalpur', ''),
(1550, 66, 'Gwalior', ''),
(1551, 66, 'Raipur', ''),
(1552, 66, 'Bhilai', ''),
(1553, 66, 'Ujjain', ''),
(1554, 66, 'Bhatpara', ''),
(1555, 66, 'Mumbai', ''),
(1556, 66, 'Nagpur', ''),
(1557, 66, 'Pune', ''),
(1558, 66, 'Kalyan', ''),
(1559, 66, 'Thane', ''),
(1560, 66, 'Nasik', ''),
(1561, 66, 'Sholapur', ''),
(1562, 66, 'Aurangabad', ''),
(1563, 66, 'Amravati', ''),
(1564, 66, 'Kolhapur', ''),
(1565, 66, 'Bhiwandi', ''),
(1566, 66, 'Ulhasnagar', ''),
(1567, 66, 'New Bombay', ''),
(1568, 66, 'Bombay', ''),
(1569, 66, 'Pimpri Chinchwad', ''),
(1570, 66, 'Imphal', ''),
(1571, 66, 'Shillong', ''),
(1572, 66, 'Aijal', ''),
(1573, 66, 'Kohima', ''),
(1574, 66, 'Bhubaneswar', ''),
(1575, 66, 'Cuttack', ''),
(1576, 66, 'Ludhiana', ''),
(1577, 66, 'Amritsar', ''),
(1578, 66, 'Jalandhar', ''),
(1579, 66, 'Jaipur', ''),
(1580, 66, 'Jodhpur', ''),
(1581, 66, 'Kota', ''),
(1582, 66, 'Bikaner', ''),
(1583, 66, 'Ajmer', ''),
(1584, 66, 'Gangtok', ''),
(1585, 66, 'Madras', ''),
(1586, 66, 'Madurai', ''),
(1587, 66, 'Coimbatore', ''),
(1588, 66, 'Tiruchchirappalli', ''),
(1589, 66, 'Salem', ''),
(1590, 66, 'Agartala', ''),
(1591, 66, 'Lucknow', ''),
(1592, 66, 'Kanpur', ''),
(1593, 66, 'Varanasi', ''),
(1594, 66, 'Agra', ''),
(1595, 66, 'Allahabad', ''),
(1596, 66, 'Meerut', ''),
(1597, 66, 'Faridabad', ''),
(1598, 66, 'Bareilly', ''),
(1599, 66, 'Gorakhpur', ''),
(1600, 66, 'Aligarh', ''),
(1601, 66, 'Moradabad', ''),
(1602, 66, 'Saharanpur', ''),
(1603, 66, 'Jhansi', ''),
(1604, 66, 'Calcutta', ''),
(1605, 66, 'Haora', ''),
(1606, 66, 'Durgapur', ''),
(1607, 66, 'Port Blair', ''),
(1608, 66, 'Chandigarh', ''),
(1609, 66, 'Silvassa', ''),
(1610, 66, 'Daman', ''),
(1611, 66, 'New Delhi', ''),
(1612, 66, 'Ghaziabad', ''),
(1613, 66, 'Kavaratti', ''),
(1614, 66, 'Pondicherry', ''),
(1615, 67, 'Thimphu', ''),
(1616, 68, 'Bandar Seri Begawan', ''),
(1617, 69, 'Johor Baharu', ''),
(1618, 69, 'Alor Setar', ''),
(1619, 69, 'Kota Baharu', ''),
(1620, 69, 'Melaka', ''),
(1621, 69, 'Seremban', ''),
(1622, 69, 'Kuantan', ''),
(1623, 69, 'Ipoh', ''),
(1624, 69, 'Taiping', ''),
(1625, 69, 'Kangar', ''),
(1626, 69, 'Penang', ''),
(1627, 69, 'Kota Kinabalu', ''),
(1628, 69, 'Tawai', ''),
(1629, 69, 'Sandakan', ''),
(1630, 69, 'Kuching', ''),
(1631, 69, 'Sibu', ''),
(1632, 69, 'Shah Alam', ''),
(1633, 69, 'Kelang', ''),
(1634, 69, 'Selayang Baru', ''),
(1635, 69, 'Kuala Terengganu', ''),
(1636, 69, 'Kuala Lumpur', ''),
(1637, 69, 'Petaling Jaya', ''),
(1638, 69, 'Labuan', ''),
(1639, 70, 'Vientiane', ''),
(1640, 71, 'Chiang Mai', ''),
(1641, 71, 'Nakhon Sawan', ''),
(1642, 71, 'Khon Kaen', ''),
(1643, 71, 'Nakhon Ratchasima', ''),
(1644, 71, 'Ubon Ratchathani', ''),
(1645, 71, 'Bangkok', ''),
(1646, 71, 'Nonthaburi', ''),
(1647, 71, 'Saraburi', ''),
(1648, 71, 'Nakhon si Thammarat', ''),
(1649, 71, 'Songkhla', ''),
(1650, 72, 'Phnom Penh', ''),
(1651, 73, 'Hanoi', ''),
(1652, 73, 'Haiphong', ''),
(1653, 73, 'Can Tho', ''),
(1654, 73, 'Saigon', ''),
(1655, 73, 'Da Nang', ''),
(1656, 73, 'Nha Trang', ''),
(1657, 73, 'Hue', ''),
(1658, 73, 'Nam Dinh', ''),
(1659, 73, 'Long Xuyen', ''),
(1660, 73, 'Qui Nhon', ''),
(1661, 73, 'Thai Nguyen', ''),
(1662, 73, 'Vung Tau', ''),
(1663, 73, 'Hong Gai', ''),
(1664, 73, 'Cam Pha', ''),
(1665, 73, 'Viet Tri', ''),
(1666, 74, 'Aqmola', ''),
(1667, 74, 'Aqtobe', ''),
(1668, 74, 'Atyrau', ''),
(1669, 74, 'Oral', ''),
(1670, 74, 'Kokchetau', ''),
(1671, 74, 'Aqtau', ''),
(1672, 74, 'Shymkent', ''),
(1673, 74, 'Pavlodar', ''),
(1674, 74, 'Ekibastuz', ''),
(1675, 74, 'Karaganda', ''),
(1676, 74, 'Temirtau', ''),
(1677, 74, 'Qostanay', ''),
(1678, 74, 'Rudny', ''),
(1679, 74, 'Qyzylorda', ''),
(1680, 74, 'Semey', ''),
(1681, 74, 'Oskemen', ''),
(1682, 74, 'Petropavl', ''),
(1683, 74, 'Taldyqorghan', ''),
(1684, 74, 'Arqalyq', ''),
(1685, 74, 'Dzhambul', ''),
(1686, 74, 'Zhambyl', ''),
(1687, 74, 'Zhezqazghan', ''),
(1688, 74, 'Zhezkazghan', ''),
(1689, 74, 'Almaty', ''),
(1690, 74, 'Leninsk', ''),
(1691, 75, 'Pyongyang', ''),
(1692, 75, 'Hamhung Hungnam', ''),
(1693, 75, 'Chongjin', ''),
(1694, 75, 'Nampo', ''),
(1695, 75, 'Sunchon', ''),
(1696, 75, 'Sinuiju', ''),
(1697, 75, 'Tanchon', ''),
(1698, 75, 'Wonsan', ''),
(1699, 75, 'Tokchon', ''),
(1700, 75, 'Kanggye', ''),
(1701, 75, 'Haeju', ''),
(1702, 75, 'Anju', ''),
(1703, 75, 'Songjin', ''),
(1704, 75, 'Kusong', ''),
(1705, 75, 'Huichon', ''),
(1706, 75, 'Sinpo', ''),
(1707, 75, 'Kaesong', ''),
(1708, 76, 'Bishkek', ''),
(1709, 77, 'Hong Kong', ''),
(1710, 78, 'Macau', ''),
(1711, 79, 'Ulaanbaatar', ''),
(1712, 80, 'Kathmandu', ''),
(1713, 81, 'Flying Fish Cove', ''),
(1714, 82, 'West Island', ''),
(1715, 83, 'Nicosia', ''),
(1716, 84, 'Gaza', ''),
(1717, 85, 'Jerusalem', ''),
(1718, 85, 'Ramla', ''),
(1719, 85, 'Haifa', ''),
(1720, 85, 'Nazareth', ''),
(1721, 85, 'Tel Aviv', ''),
(1722, 85, 'Beer Sheva', ''),
(1723, 86, 'Hurghada', ''),
(1724, 86, 'Marsa Matruh', ''),
(1725, 86, 'El Tur', ''),
(1726, 86, 'El Arish', ''),
(1727, 86, 'El Kharga', ''),
(1728, 86, 'Damanhur', ''),
(1729, 86, 'Kafr el Dauwar', ''),
(1730, 86, 'El Mansura', ''),
(1731, 86, 'Dumyat', ''),
(1732, 86, 'Tanta', ''),
(1733, 86, 'El Mahalla el Kubra', ''),
(1734, 86, 'Ismailiya', ''),
(1735, 86, 'Kafr el Sheikh', ''),
(1736, 86, 'Shibin el Kom', ''),
(1737, 86, 'Benha', ''),
(1738, 86, 'Shubra el Kheima', ''),
(1739, 86, 'Zagazig', ''),
(1740, 86, 'Aswan', ''),
(1741, 86, 'Asyut', ''),
(1742, 86, 'Beni Suef', ''),
(1743, 86, 'El Faiyum', ''),
(1744, 86, 'El Giza', ''),
(1745, 86, 'El Minya', ''),
(1746, 86, 'Qena', ''),
(1747, 86, 'El Uqsur', ''),
(1748, 86, 'Sohag', ''),
(1749, 86, 'Bur Said', ''),
(1750, 86, 'Alexandria', ''),
(1751, 86, 'Cairo', ''),
(1752, 86, 'Helwan', ''),
(1753, 86, 'El Suweiz', ''),
(1754, 87, 'Jakarta', ''),
(1755, 87, 'Bandung', ''),
(1756, 87, 'Semarang', ''),
(1757, 87, 'Surabaya', ''),
(1758, 87, 'Yogyakarta', ''),
(1759, 87, 'Banda Aceh', ''),
(1760, 87, 'Bengkulu', ''),
(1761, 87, 'Jambi', ''),
(1762, 87, 'Bandar Lampung', ''),
(1763, 87, 'Padang', ''),
(1764, 87, 'Palembang', ''),
(1765, 87, 'Medan', ''),
(1766, 87, 'Pontianak', ''),
(1767, 87, 'Banjarmasin', ''),
(1768, 87, 'Palangkaraya', ''),
(1769, 87, 'Samarinda', ''),
(1770, 87, 'Ujung Pandang', ''),
(1771, 87, 'Ambon', ''),
(1772, 87, 'Malang', ''),
(1773, 87, 'Surakarta', ''),
(1774, 87, 'Pekan Baru', ''),
(1775, 87, 'Balikpapan', ''),
(1776, 87, 'Manado', ''),
(1777, 87, 'Bogor', ''),
(1778, 87, 'Cirebon', ''),
(1779, 87, 'Kediri', ''),
(1780, 87, 'Pekalongan', ''),
(1781, 87, 'Tegal', ''),
(1782, 87, 'Pematang Siantar', ''),
(1783, 87, 'Binjai', ''),
(1784, 87, 'Probolinggo', ''),
(1785, 87, 'Madiun', ''),
(1786, 87, 'Pasuruan', ''),
(1787, 87, 'Magelang', ''),
(1788, 87, 'Sukabumi', ''),
(1789, 87, 'Gorontalo', ''),
(1790, 87, 'Blitar', ''),
(1791, 87, 'Tebing Tinggi', ''),
(1792, 87, 'Pangkal Pinang', ''),
(1793, 87, 'Tanjung Balai', ''),
(1794, 87, 'Batam', ''),
(1795, 87, 'Pare Pare', ''),
(1796, 88, 'Dili', ''),
(1797, 89, 'Port Moresby', ''),
(1798, 90, 'Ar Ramadi', ''),
(1799, 90, 'Al Hillah', ''),
(1800, 90, 'Baghdad', ''),
(1801, 90, 'Al Basrah', ''),
(1802, 90, 'An Nasiriyah', ''),
(1803, 90, 'Baqubah', ''),
(1804, 90, 'Karbala', ''),
(1805, 90, 'Al Amarah', ''),
(1806, 90, 'As Samawah', ''),
(1807, 90, 'An Najaf', ''),
(1808, 90, 'Mosul', ''),
(1809, 90, 'Diwaniyah', ''),
(1810, 90, 'Samarra', ''),
(1811, 90, 'Kirkuk', ''),
(1812, 90, 'Al Kut', ''),
(1813, 90, 'Dahuk', ''),
(1814, 90, 'Arbil', ''),
(1815, 90, 'As Sulaymaniyah', ''),
(1816, 91, 'Amman', ''),
(1817, 92, 'Kuwait', ''),
(1818, 93, 'Riyadh', ''),
(1819, 93, 'Jeddah', ''),
(1820, 94, 'Damascus', ''),
(1821, 94, 'Aleppo', ''),
(1822, 94, 'Homs', ''),
(1823, 95, 'Beirut', ''),
(1824, 96, 'Nablus', ''),
(1825, 97, 'Sapporo', ''),
(1826, 97, 'Hakodate', ''),
(1827, 97, 'Aomori', ''),
(1828, 97, 'Morioka', ''),
(1829, 97, 'Sendai', ''),
(1830, 97, 'Akita', ''),
(1831, 97, 'Yamagata', ''),
(1832, 97, 'Fukushima', ''),
(1833, 97, 'Mito', ''),
(1834, 97, 'Utsonomiya', ''),
(1835, 97, 'Maebashi', ''),
(1836, 97, 'Urawa', ''),
(1837, 97, 'Chiba', ''),
(1838, 97, 'Tokyo', ''),
(1839, 97, 'Yokohama', ''),
(1840, 97, 'Kawasaki', ''),
(1841, 97, 'Niigata', ''),
(1842, 97, 'Toyama', ''),
(1843, 97, 'Kanazawa', ''),
(1844, 97, 'Fukui', ''),
(1845, 97, 'Kofu', ''),
(1846, 97, 'Nagano', ''),
(1847, 97, 'Gifu', ''),
(1848, 97, 'Shizuoka', ''),
(1849, 97, 'Nagoya', ''),
(1850, 97, 'Tsu', ''),
(1851, 97, 'Otsu', ''),
(1852, 97, 'Kyoto', ''),
(1853, 97, 'Osaka', ''),
(1854, 97, 'Kobe', ''),
(1855, 97, 'Nara', ''),
(1856, 97, 'Wakayama', ''),
(1857, 97, 'Tottori', ''),
(1858, 97, 'Matsue', ''),
(1859, 97, 'Okayama', ''),
(1860, 97, 'Hiroshima', ''),
(1861, 97, 'Yamaguchi', ''),
(1862, 97, 'Tokushima', ''),
(1863, 97, 'Takamatsu', ''),
(1864, 97, 'Matsuyama', ''),
(1865, 97, 'Kochi', ''),
(1866, 97, 'Fukuoka', ''),
(1867, 97, 'Kita Kyushu', ''),
(1868, 97, 'Saga', ''),
(1869, 97, 'Nagasaki', ''),
(1870, 97, 'Kumamoto', ''),
(1871, 97, 'Oita', ''),
(1872, 97, 'Miyazaki', ''),
(1873, 97, 'Kagoshima', ''),
(1874, 97, 'Naha', ''),
(1875, 98, 'Seoul', ''),
(1876, 98, 'Pusan', ''),
(1877, 98, 'Taegu', ''),
(1878, 98, 'Inchon', ''),
(1879, 98, 'Kwangju', ''),
(1880, 98, 'Taejon', ''),
(1881, 98, 'Ulsan', ''),
(1882, 98, 'Suwon', ''),
(1883, 98, 'Songnam', ''),
(1884, 98, 'Chonju', ''),
(1885, 98, 'Masan', ''),
(1886, 98, 'Chongju', ''),
(1887, 98, 'Chinju', ''),
(1888, 98, 'Mokpo', ''),
(1889, 98, 'Cheju', ''),
(1890, 98, 'Kunsan', ''),
(1891, 98, 'Chunchon', ''),
(1892, 98, 'Yosu', ''),
(1893, 99, 'Male', ''),
(1894, 100, 'Muscat', ''),
(1895, 101, 'Abu Dhabi', ''),
(1896, 101, 'Al Ayn', ''),
(1897, 101, 'Dubai', ''),
(1898, 101, 'Sharjah', ''),
(1899, 102, 'Sanaa', ''),
(1900, 102, 'Aden', ''),
(1901, 103, 'Manila', ''),
(1902, 103, 'Quezon', ''),
(1903, 103, 'Kalookan', ''),
(1904, 103, 'Davao', ''),
(1905, 103, 'Cebu', ''),
(1906, 103, 'Zamboanga', ''),
(1907, 103, 'Makati', ''),
(1908, 103, 'Pasig', ''),
(1909, 103, 'Cagayan de Oro', ''),
(1910, 103, 'Pasay', ''),
(1911, 104, 'Doha', ''),
(1912, 104, 'Rayyan', ''),
(1913, 104, 'Wakrah', ''),
(1914, 105, 'Singapore', ''),
(1915, 106, 'Colombo', ''),
(1916, 107, 'Changhua', ''),
(1917, 107, 'Hualien', ''),
(1918, 107, 'Fengshan', ''),
(1919, 107, 'Pingtung', ''),
(1920, 107, 'Fengyuan', ''),
(1921, 107, 'Panchiao', ''),
(1922, 107, 'Chungho', ''),
(1923, 107, 'Sanchuung', ''),
(1924, 107, 'Hsinchuang', ''),
(1925, 107, 'Yungho', ''),
(1926, 107, 'Hsintien', ''),
(1927, 107, 'Taitung', ''),
(1928, 107, 'Taoyuan', ''),
(1929, 107, 'Chungli', ''),
(1930, 107, 'Chiai', ''),
(1931, 107, 'Chilung', ''),
(1932, 107, 'Hsinchu', ''),
(1933, 107, 'Kaohsiung', ''),
(1934, 107, 'Taichung', ''),
(1935, 107, 'Tainan', ''),
(1936, 107, 'Taipei', ''),
(1937, 108, 'The Valley', ''),
(1938, 109, 'Saint Johns', ''),
(1939, 110, 'Oranjestad', ''),
(1940, 111, 'Nassau', ''),
(1941, 112, 'Bridgetown', ''),
(1942, 113, 'Belmopan', ''),
(1943, 114, 'Guatemala City', ''),
(1944, 114, 'Mixco', ''),
(1945, 114, 'Villa Nueva', ''),
(1946, 115, 'Aguascalientes', ''),
(1947, 115, 'Mexicali', ''),
(1948, 115, 'Tijuana', ''),
(1949, 115, 'Ensenada', ''),
(1950, 115, 'La Paz', ''),
(1951, 115, 'Campeche', ''),
(1952, 115, 'Tuxtla Gutierrez', ''),
(1953, 115, 'Nezahualcoyotl', ''),
(1954, 115, 'Tonala', ''),
(1955, 115, 'Tapachula', ''),
(1956, 115, 'Chihuahua', ''),
(1957, 115, 'Ciudad Juarez', ''),
(1958, 115, 'Saltillo', ''),
(1959, 115, 'Torreon', ''),
(1960, 115, 'Monclova', ''),
(1961, 115, 'Colima', ''),
(1962, 115, 'Victoria de Durango', ''),
(1963, 115, 'Gomez Palacio', ''),
(1964, 115, 'Durango', ''),
(1965, 115, 'Leon', ''),
(1966, 115, 'Salamanca', ''),
(1967, 115, 'Irapuato', ''),
(1968, 115, 'Celaya', ''),
(1969, 115, 'Guanajuato', ''),
(1970, 115, 'Acapulco', ''),
(1971, 115, 'Chilpancingo', ''),
(1972, 115, 'Pachuca', '');
INSERT INTO `ciudad` (`ciudad_id`, `pais_id`, `nombre`, `url`) VALUES
(1973, 115, 'Pachuca de Soto', ''),
(1974, 115, 'Guadalajara', ''),
(1975, 115, 'Zapopan', ''),
(1976, 115, 'Tlaquepaque', ''),
(1977, 115, 'Cuautla', ''),
(1978, 115, 'Toluca', ''),
(1979, 115, 'Toluca de Lerdo', ''),
(1980, 115, 'Atizapan de Zaragoza', ''),
(1981, 115, 'Morelia', ''),
(1982, 115, 'Uruapan', ''),
(1983, 115, 'Zamora', ''),
(1984, 115, 'Cuernavaca', ''),
(1985, 115, 'Tepic', ''),
(1986, 115, 'Monterrey', ''),
(1987, 115, 'Guadalupe', ''),
(1988, 115, 'San Nicolas de los Garza', ''),
(1989, 115, 'Ciudad Santa Catarina', ''),
(1990, 115, 'San Pedro Garza Garcia', ''),
(1991, 115, 'Ciudad Apodaca', ''),
(1992, 115, 'Oaxaca', ''),
(1993, 115, 'Puebla', ''),
(1994, 115, 'Tehuacan', ''),
(1995, 115, 'Queretaro', ''),
(1996, 115, 'Cancun', ''),
(1997, 115, 'Chetumal', ''),
(1998, 115, 'San Luis Potosi', ''),
(1999, 115, 'Soledad de Graciano Sanchez', ''),
(2000, 115, 'Culiacan', ''),
(2001, 115, 'Mazatlan', ''),
(2002, 115, 'Los Mochis', ''),
(2003, 115, 'Hermosillo', ''),
(2004, 115, 'Ciudad Obregon', ''),
(2005, 115, 'Heroica Nogales', ''),
(2006, 115, 'Villahermosa', ''),
(2007, 115, 'Ciudad Victoria', ''),
(2008, 115, 'Tampico', ''),
(2009, 115, 'Matamoros', ''),
(2010, 115, 'Reynosa', ''),
(2011, 115, 'Nuevo Laredo', ''),
(2012, 115, 'Ciudad Madero', ''),
(2013, 115, 'Tlaxcala', ''),
(2014, 115, 'Cordoba', ''),
(2015, 115, 'Xalapa Enriquez', ''),
(2016, 115, 'Coatzacoalcos', ''),
(2017, 115, 'Poza Rica', ''),
(2018, 115, 'Minatitlan', ''),
(2019, 115, 'Orizaba', ''),
(2020, 115, 'Jalapa', ''),
(2021, 115, 'Veracruz Llave', ''),
(2022, 115, 'Merida', ''),
(2023, 115, 'Zacatecas', ''),
(2024, 115, 'Mexico City', ''),
(2025, 116, 'Hamilton', ''),
(2026, 117, 'Road Town', ''),
(2027, 118, 'Edmonton', ''),
(2028, 118, 'Calgary', ''),
(2029, 118, 'Vancouver', ''),
(2030, 118, 'Burnaby', ''),
(2031, 118, 'Victoria', ''),
(2032, 118, 'Surrey', ''),
(2033, 118, 'Winnipeg', ''),
(2034, 118, 'Fredericton', ''),
(2035, 118, 'Saint Johns', ''),
(2036, 118, 'Yellowknife', ''),
(2037, 118, 'Halifax', ''),
(2038, 118, 'Ottawa', ''),
(2039, 118, 'Gloucester', ''),
(2040, 118, 'Vaughan', ''),
(2041, 118, 'London', ''),
(2042, 118, 'Hamilton', ''),
(2043, 118, 'Scarborough', ''),
(2044, 118, 'York', ''),
(2045, 118, 'Toronto', ''),
(2046, 118, 'Kitchener', ''),
(2047, 118, 'Windsor', ''),
(2048, 118, 'Oshawa', ''),
(2049, 118, 'North York', ''),
(2050, 118, 'Mississauga', ''),
(2051, 118, 'Etobicoke', ''),
(2052, 118, 'Brampton', ''),
(2053, 118, 'Markham', ''),
(2054, 118, 'Burlington', ''),
(2055, 118, 'Saint Catharines', ''),
(2056, 118, 'Thunder Bay', ''),
(2057, 118, 'Nepean', ''),
(2058, 118, 'East York', ''),
(2059, 118, 'Charlottetown', ''),
(2060, 118, 'Laval', ''),
(2061, 118, 'Montreal', ''),
(2062, 118, 'Quebec', ''),
(2063, 118, 'Longueuil', ''),
(2064, 118, 'Richmond', ''),
(2065, 118, 'Regina', ''),
(2066, 118, 'Saskatoon', ''),
(2067, 118, 'Whitehorse', ''),
(2068, 119, 'Birmingham', ''),
(2069, 119, 'Mobile', ''),
(2070, 119, 'Montgomery', ''),
(2071, 119, 'Huntsville', ''),
(2072, 119, 'Anchorage', ''),
(2073, 119, 'Juneau', ''),
(2074, 119, 'Phoenix', ''),
(2075, 119, 'Tucson', ''),
(2076, 119, 'Mesa', ''),
(2077, 119, 'Glendale', ''),
(2078, 119, 'Scottsdale', ''),
(2079, 119, 'Tempe', ''),
(2080, 119, 'Chandler', ''),
(2081, 119, 'Little Rock', ''),
(2082, 119, 'Los Angeles', ''),
(2083, 119, 'San Diego', ''),
(2084, 119, 'San Jose', ''),
(2085, 119, 'San Francisco', ''),
(2086, 119, 'Long Beach', ''),
(2087, 119, 'Fresno', ''),
(2088, 119, 'Sacramento', ''),
(2089, 119, 'Oakland', ''),
(2090, 119, 'Santa Ana', ''),
(2091, 119, 'Anaheim', ''),
(2092, 119, 'Riverside', ''),
(2093, 119, 'Stockton', ''),
(2094, 119, 'Bakersfield', ''),
(2095, 119, 'Huntington Beach', ''),
(2096, 119, 'Fremont', ''),
(2097, 119, 'Glendale', ''),
(2098, 119, 'San Bernardino', ''),
(2099, 119, 'Modesto', ''),
(2100, 119, 'Chula Vista', ''),
(2101, 119, 'Oxnard', ''),
(2102, 119, 'Garden Grove', ''),
(2103, 119, 'Oceanside', ''),
(2104, 119, 'Ontario', ''),
(2105, 119, 'Moreno Valley', ''),
(2106, 119, 'Torrance', ''),
(2107, 119, 'Pomona', ''),
(2108, 119, 'Pasadena', ''),
(2109, 119, 'Irvine', ''),
(2110, 119, 'Sunnyvale', ''),
(2111, 119, 'Santa Clarita', ''),
(2112, 119, 'Santa Rosa', ''),
(2113, 119, 'Hayward', ''),
(2114, 119, 'Fullerton', ''),
(2115, 119, 'Orange', ''),
(2116, 119, 'Rancho Cucamonga', ''),
(2117, 119, 'Escondido', ''),
(2118, 119, 'Lancaster', ''),
(2119, 119, 'Concord', ''),
(2120, 119, 'Thousand Oaks', ''),
(2121, 119, 'Salinas', ''),
(2122, 119, 'Inglewood', ''),
(2123, 119, 'El Monte', ''),
(2124, 119, 'Vallejo', ''),
(2125, 119, 'Simi Valley', ''),
(2126, 119, 'Palmdale', ''),
(2127, 119, 'Fontana', ''),
(2128, 119, 'Berkeley', ''),
(2129, 119, 'West Covina', ''),
(2130, 119, 'Costa Mesa', ''),
(2131, 119, 'Norwalk', ''),
(2132, 119, 'Corona', ''),
(2133, 119, 'Denver', ''),
(2134, 119, 'Colorado Springs', ''),
(2135, 119, 'Aurora', ''),
(2136, 119, 'Lakewood', ''),
(2137, 119, 'Fort Collins', ''),
(2138, 119, 'Bridgeport', ''),
(2139, 119, 'Hartford', ''),
(2140, 119, 'New Haven', ''),
(2141, 119, 'Stamford', ''),
(2142, 119, 'Waterbury', ''),
(2143, 119, 'Dover', ''),
(2144, 119, 'Jacksonville', ''),
(2145, 119, 'Miami', ''),
(2146, 119, 'Tampa', ''),
(2147, 119, 'St. Petersburg', ''),
(2148, 119, 'Hialeah', ''),
(2149, 119, 'Orlando', ''),
(2150, 119, 'Fort Lauderdale', ''),
(2151, 119, 'Tallahassee', ''),
(2152, 119, 'Hollywood', ''),
(2153, 119, 'Coral Springs', ''),
(2154, 119, 'Pembroke Pines', ''),
(2155, 119, 'Clearwater', ''),
(2156, 119, 'Atlanta', ''),
(2157, 119, 'Columbus', ''),
(2158, 119, 'Savannah', ''),
(2159, 119, 'Macon', ''),
(2160, 119, 'Honolulu', ''),
(2161, 119, 'Hilo', ''),
(2162, 119, 'Boise', ''),
(2163, 119, 'Chicago', ''),
(2164, 119, 'Rockford', ''),
(2165, 119, 'Aurora', ''),
(2166, 119, 'Springfield', ''),
(2167, 119, 'Peoria', ''),
(2168, 119, 'Naperville', ''),
(2169, 119, 'Indianapolis', ''),
(2170, 119, 'Fort Wayne', ''),
(2171, 119, 'Evansville', ''),
(2172, 119, 'Gary', ''),
(2173, 119, 'South Bend', ''),
(2174, 119, 'Des Moines', ''),
(2175, 119, 'Cedar Rapids', ''),
(2176, 119, 'Wichita', ''),
(2177, 119, 'Kansas City', ''),
(2178, 119, 'Overland Park', ''),
(2179, 119, 'Topeka', ''),
(2180, 119, 'Louisville', ''),
(2181, 119, 'Lexington Fayette', ''),
(2182, 119, 'Frankfort', ''),
(2183, 119, 'New Orleans', ''),
(2184, 119, 'Baton Rouge', ''),
(2185, 119, 'Shreveport', ''),
(2186, 119, 'Lafayette', ''),
(2187, 119, 'Augusta', ''),
(2188, 119, 'Baltimore', ''),
(2189, 119, 'Annapolis', ''),
(2190, 119, 'Boston', ''),
(2191, 119, 'Worcester', ''),
(2192, 119, 'Springfield', ''),
(2193, 119, 'Lowell', ''),
(2194, 119, 'Detroit', ''),
(2195, 119, 'Grand Rapids', ''),
(2196, 119, 'Warren', ''),
(2197, 119, 'Flint', ''),
(2198, 119, 'Lansing', ''),
(2199, 119, 'Sterling Heights', ''),
(2200, 119, 'Ann Arbor', ''),
(2201, 119, 'Livonia', ''),
(2202, 119, 'Minneapolis', ''),
(2203, 119, 'St. Paul', ''),
(2204, 119, 'Jackson', ''),
(2205, 119, 'Kansas City', ''),
(2206, 119, 'St. Louis', ''),
(2207, 119, 'Springfield', ''),
(2208, 119, 'Independence', ''),
(2209, 119, 'Jefferson City', ''),
(2210, 119, 'Helena', ''),
(2211, 119, 'Omaha', ''),
(2212, 119, 'Lincoln', ''),
(2213, 119, 'Las Vegas', ''),
(2214, 119, 'Reno', ''),
(2215, 119, 'Henderson', ''),
(2216, 119, 'Carson City', ''),
(2217, 119, 'Manchester', ''),
(2218, 119, 'Concord', ''),
(2219, 119, 'Newark', ''),
(2220, 119, 'Jersey City', ''),
(2221, 119, 'Paterson', ''),
(2222, 119, 'Elizabeth', ''),
(2223, 119, 'Trenton', ''),
(2224, 119, 'Albuquerque', ''),
(2225, 119, 'Santa Fe', ''),
(2226, 119, 'New York', ''),
(2227, 119, 'Buffalo', ''),
(2228, 119, 'Rochester', ''),
(2229, 119, 'Yonkers', ''),
(2230, 119, 'Syracuse', ''),
(2231, 119, 'Albany', ''),
(2232, 119, 'Charlotte', ''),
(2233, 119, 'Raleigh', ''),
(2234, 119, 'Greensboro', ''),
(2235, 119, 'Winston Salem', ''),
(2236, 119, 'Durham', ''),
(2237, 119, 'Bismarck', ''),
(2238, 119, 'Columbus', ''),
(2239, 119, 'Cleveland', ''),
(2240, 119, 'Cincinnati', ''),
(2241, 119, 'Toledo', ''),
(2242, 119, 'Akron', ''),
(2243, 119, 'Dayton', ''),
(2244, 119, 'Oklahoma City', ''),
(2245, 119, 'Tulsa', ''),
(2246, 119, 'Portland', ''),
(2247, 119, 'Eugene', ''),
(2248, 119, 'Salem', ''),
(2249, 119, 'Philadelphia', ''),
(2250, 119, 'Pittsburgh', ''),
(2251, 119, 'Erie', ''),
(2252, 119, 'Allentown', ''),
(2253, 119, 'Harrisburg', ''),
(2254, 119, 'Providence', ''),
(2255, 119, 'Columbia', ''),
(2256, 119, 'Sioux Falls', ''),
(2257, 119, 'Pierre', ''),
(2258, 119, 'Memphis', ''),
(2259, 119, 'Nashville Davidson', ''),
(2260, 119, 'Knoxville', ''),
(2261, 119, 'Chattanooga', ''),
(2262, 119, 'Nashville', ''),
(2263, 119, 'Houston', ''),
(2264, 119, 'San Antonio', ''),
(2265, 119, 'Dallas', ''),
(2266, 119, 'El Paso', ''),
(2267, 119, 'Austin', ''),
(2268, 119, 'Fort Worth', ''),
(2269, 119, 'Arlington', ''),
(2270, 119, 'Corpus Christi', ''),
(2271, 119, 'Lubbock', ''),
(2272, 119, 'Plano', ''),
(2273, 119, 'Garland', ''),
(2274, 119, 'Irving', ''),
(2275, 119, 'Amarillo', ''),
(2276, 119, 'Laredo', ''),
(2277, 119, 'Brownsville', ''),
(2278, 119, 'Pasadena', ''),
(2279, 119, 'Mesquite', ''),
(2280, 119, 'Beaumont', ''),
(2281, 119, 'Grand Prairie', ''),
(2282, 119, 'Abilene', ''),
(2283, 119, 'Waco', ''),
(2284, 119, 'McAllen', ''),
(2285, 119, 'Wichita Falls', ''),
(2286, 119, 'Salt Lake City', ''),
(2287, 119, 'Montpelier', ''),
(2288, 119, 'Virginia Beach', ''),
(2289, 119, 'Norfolk', ''),
(2290, 119, 'Richmond', ''),
(2291, 119, 'Chesapeake', ''),
(2292, 119, 'Newport News', ''),
(2293, 119, 'Arlington', ''),
(2294, 119, 'Hampton', ''),
(2295, 119, 'Alexandria', ''),
(2296, 119, 'Portsmouth', ''),
(2297, 119, 'Seattle', ''),
(2298, 119, 'Spokane', ''),
(2299, 119, 'Tacoma', ''),
(2300, 119, 'Olympia', ''),
(2301, 119, 'Charleston', ''),
(2302, 119, 'Milwaukee', ''),
(2303, 119, 'Madison', ''),
(2304, 119, 'Green Bay', ''),
(2305, 119, 'Cheyenne', ''),
(2306, 119, 'Washington', ''),
(2307, 120, 'George Town', ''),
(2308, 121, 'San Jose', ''),
(2309, 121, 'Alajuela', ''),
(2310, 121, 'Cartago', ''),
(2311, 121, 'Heredia', ''),
(2312, 121, 'Liberia', ''),
(2313, 121, 'Puntarenas', ''),
(2314, 121, 'Limon', ''),
(2315, 122, 'Managua', ''),
(2316, 122, 'Leon', ''),
(2317, 122, 'Chinandega', ''),
(2318, 122, 'Masaya', ''),
(2319, 122, 'Granada', ''),
(2320, 123, 'Bocas del Toro', ''),
(2321, 123, 'Penonome', ''),
(2322, 123, 'Colon', ''),
(2323, 123, 'El Porvenir', ''),
(2324, 123, 'David', ''),
(2325, 123, 'La Palma', ''),
(2326, 123, 'Chitre', ''),
(2327, 123, 'Las Tablas', ''),
(2328, 123, 'Panama City', ''),
(2329, 123, 'San Miguelito', ''),
(2330, 123, 'Santiago', ''),
(2331, 124, 'Camaguey', ''),
(2332, 124, 'Ciego de Avila', ''),
(2333, 124, 'Cienfuegos', ''),
(2334, 124, 'Havana', ''),
(2335, 124, 'Bayamo', ''),
(2336, 124, 'Manzanillo', ''),
(2337, 124, 'Guantanamo', ''),
(2338, 124, 'Holguin', ''),
(2339, 124, 'Victoria de las Tunas', ''),
(2340, 124, 'Matanzas', ''),
(2341, 124, 'Pinar del Rio', ''),
(2342, 124, 'Sancti Spiritus', ''),
(2343, 124, 'Santiago de Cuba', ''),
(2344, 124, 'Santa Clara', ''),
(2345, 124, 'Nueva Gerona', ''),
(2346, 125, 'Roseau', ''),
(2347, 126, 'Santo Domingo', ''),
(2348, 127, 'Port-au-Prince', ''),
(2349, 128, 'Nueva San Salvador', ''),
(2350, 128, 'San Salvador', ''),
(2351, 128, 'Soyapango', ''),
(2352, 128, 'Mejicanos', ''),
(2353, 128, 'Delgado', ''),
(2354, 128, 'Apopa', ''),
(2355, 128, 'Santa Ana', ''),
(2356, 129, 'La Ceiba', ''),
(2357, 129, 'Tela', ''),
(2358, 129, 'Trujillo', ''),
(2359, 129, 'Comayagua', ''),
(2360, 129, 'Santa Rosa de Copan', ''),
(2361, 129, 'San Pedro Sula', ''),
(2362, 129, 'Puerto Cortes', ''),
(2363, 129, 'Choluteca', ''),
(2364, 129, 'Danli', ''),
(2365, 129, 'Yuscaran', ''),
(2366, 129, 'Tegucigalpa', ''),
(2367, 129, 'Siguatepeque', ''),
(2368, 129, 'Puerto Lempira', ''),
(2369, 129, 'La Esperanza', ''),
(2370, 129, 'Roatan', ''),
(2371, 129, 'La Paz', ''),
(2372, 129, 'Gracias', ''),
(2373, 129, 'Ocotepeque', ''),
(2374, 129, 'Jutigalpa', ''),
(2375, 129, 'Santa Barbara', ''),
(2376, 129, 'Nacaome', ''),
(2377, 129, 'El Progreso', ''),
(2378, 129, 'Olanchito', ''),
(2379, 129, 'Yoro', ''),
(2380, 130, 'Nuuk', ''),
(2381, 131, 'Saint Georges', ''),
(2382, 132, 'Basse-Terre', ''),
(2383, 133, 'Kingston', ''),
(2384, 134, 'Fort-de-France', ''),
(2385, 135, 'Plymouth', ''),
(2386, 136, 'Willemstad', ''),
(2387, 137, 'Marigot', ''),
(2388, 138, 'Leticia', ''),
(2389, 138, 'Medellin', ''),
(2390, 138, 'Bello', ''),
(2391, 138, 'Itagui', ''),
(2392, 138, 'Turbo', ''),
(2393, 138, 'Envigado', ''),
(2394, 138, 'Arauca', ''),
(2395, 138, 'Barranquilla', ''),
(2396, 138, 'Soledad', ''),
(2397, 138, 'Malambo', ''),
(2398, 138, 'Cartagena', ''),
(2399, 138, 'Mangangue', ''),
(2400, 138, 'Tunja', ''),
(2401, 138, 'Manizales', ''),
(2402, 138, 'Florencia', ''),
(2403, 138, 'Yopal', ''),
(2404, 138, 'Popayan', ''),
(2405, 138, 'Valledupar', ''),
(2406, 138, 'Quibdo', ''),
(2407, 138, 'Monteria', ''),
(2408, 138, 'Soacha', ''),
(2409, 138, 'Puerto Inirida', ''),
(2410, 138, 'Cienaga', ''),
(2411, 138, 'Riohacha', ''),
(2412, 138, 'San Jose del Guaviare', ''),
(2413, 138, 'Neiva', ''),
(2414, 138, 'Santa Marta', ''),
(2415, 138, 'Villavicencio', ''),
(2416, 138, 'Pasto', ''),
(2417, 138, 'Tumaco', ''),
(2418, 138, 'Cucuta', ''),
(2419, 138, 'Mocoa', ''),
(2420, 138, 'Armenia', ''),
(2421, 138, 'Pereira', ''),
(2422, 138, 'Dosquebradas', ''),
(2423, 138, 'San Andres', ''),
(2424, 138, 'Bogota', ''),
(2425, 138, 'Bucaramanga', ''),
(2426, 138, 'Floridablanca', ''),
(2427, 138, 'Barrancabermeja', ''),
(2428, 138, 'Sincelejo', ''),
(2429, 138, 'Ibague', ''),
(2430, 138, 'Cali', ''),
(2431, 138, 'Buenaventura', ''),
(2432, 138, 'Palmira', ''),
(2433, 138, 'Tulua', ''),
(2434, 138, 'Cartago', ''),
(2435, 138, 'Mitu', ''),
(2436, 138, 'Puerto Carreno', ''),
(2437, 139, 'San Juan', ''),
(2438, 140, 'Basseterre', ''),
(2439, 141, 'Castries', ''),
(2440, 142, 'Saint-Pierre', ''),
(2441, 143, 'Kingstown', ''),
(2442, 144, 'Port-of-Spain', ''),
(2443, 145, 'Grand Turk', ''),
(2444, 146, 'Charlotte Amalie', ''),
(2445, 147, 'Pago Pago', ''),
(2446, 148, 'Newcastle', ''),
(2447, 148, 'Sydney', ''),
(2448, 148, 'Wollongong', ''),
(2449, 148, 'Sunshine Coast', ''),
(2450, 148, 'Darwin', ''),
(2451, 148, 'Brisbane', ''),
(2452, 148, 'Gold Coast', ''),
(2453, 148, 'Townsville', ''),
(2454, 148, 'Adelaide', ''),
(2455, 148, 'Hobart', ''),
(2456, 148, 'Melbourne', ''),
(2457, 148, 'Geelong', ''),
(2458, 148, 'Perth', ''),
(2459, 148, 'Albany', ''),
(2460, 148, 'Canberra', ''),
(2461, 149, 'Avarua', ''),
(2462, 150, 'Suva', ''),
(2463, 151, 'Papeete', ''),
(2464, 152, 'Agana', ''),
(2465, 152, 'Dededo', ''),
(2466, 153, 'Tarawa', ''),
(2467, 154, 'Majuro', ''),
(2468, 155, 'Kolonia', ''),
(2469, 155, 'Palikir', ''),
(2470, 156, 'Yaren', ''),
(2471, 157, 'Noumea', ''),
(2472, 158, 'Wellington', ''),
(2473, 158, 'Auckland', ''),
(2474, 158, 'Christchurch', ''),
(2475, 159, 'Alofi', ''),
(2476, 160, 'Kingston', ''),
(2477, 161, 'Saipan', ''),
(2478, 162, 'Koror', ''),
(2479, 162, 'Melekeok', ''),
(2480, 163, 'Adamstown', ''),
(2481, 164, 'Honiara', ''),
(2482, 165, 'Nukualofa', ''),
(2483, 166, 'Funafuti', ''),
(2484, 167, 'Port-Vila', ''),
(2485, 168, 'Mata-Utu', ''),
(2486, 169, 'Apia', ''),
(2487, 170, 'La Plata', ''),
(2488, 170, 'La Matanza', ''),
(2489, 170, 'Moron', ''),
(2490, 170, 'Lomas de Zamoras', ''),
(2491, 170, 'Mar del Plata', ''),
(2492, 170, 'Quilmes', ''),
(2493, 170, 'Lanus', ''),
(2494, 170, 'General San Martin', ''),
(2495, 170, 'Avellaneda', ''),
(2496, 170, 'San Isidro', ''),
(2497, 170, 'Vicente Lopez', ''),
(2498, 170, 'Bahia Blanca', ''),
(2499, 170, 'San Nicolas de los Arroyos', ''),
(2500, 170, 'San Fernando del Valle de Catamarca', ''),
(2501, 170, 'Resistencia', ''),
(2502, 170, 'Comodoro Rivadavia', ''),
(2503, 170, 'Rawson', ''),
(2504, 170, 'Cordoba', ''),
(2505, 170, 'Rio Cuarto', ''),
(2506, 170, 'Corrientes', ''),
(2507, 170, 'Parana', ''),
(2508, 170, 'Concordia', ''),
(2509, 170, 'Formosa', ''),
(2510, 170, 'San Salvador de Jujuy', ''),
(2511, 170, 'Santa Rosa', ''),
(2512, 170, 'La Rioja', ''),
(2513, 170, 'Mendoza', ''),
(2514, 170, 'Posadas', ''),
(2515, 170, 'Neuquen', ''),
(2516, 170, 'Viedma', ''),
(2517, 170, 'Salta', ''),
(2518, 170, 'San Juan', ''),
(2519, 170, 'San Luis', ''),
(2520, 170, 'Rio Gallegos', ''),
(2521, 170, 'Santa Fe', ''),
(2522, 170, 'Rosario', ''),
(2523, 170, 'Santiago del Estero La Banda', ''),
(2524, 170, 'Santiago del Estero', ''),
(2525, 170, 'Ushuaia', ''),
(2526, 170, 'San Miguel de Tucuman', ''),
(2527, 170, 'Buenos Aires', ''),
(2528, 171, 'La Paz', ''),
(2529, 171, 'Sucre', ''),
(2530, 171, 'Cochabamba', ''),
(2531, 172, 'Rio Branco', ''),
(2532, 172, 'Maceio', ''),
(2533, 172, 'Macapa', ''),
(2534, 172, 'Manaus', ''),
(2535, 172, 'Salvador', ''),
(2536, 172, 'Feira de Santana', ''),
(2537, 172, 'Ilheus', ''),
(2538, 172, 'Vitoria da Conquista', ''),
(2539, 172, 'Itabuna', ''),
(2540, 172, 'Juazeiro', ''),
(2541, 172, 'Jequie', ''),
(2542, 172, 'Camacari', ''),
(2543, 172, 'Alagoinhas', ''),
(2544, 172, 'Barreiras', ''),
(2545, 172, 'Fortaleza', ''),
(2546, 172, 'Caucaia', ''),
(2547, 172, 'Juazeiro do Norte', ''),
(2548, 172, 'Maracanau', ''),
(2549, 172, 'Sobral', ''),
(2550, 172, 'Cariacica', ''),
(2551, 172, 'Vila Velha', ''),
(2552, 172, 'Serra', ''),
(2553, 172, 'Vitoria', ''),
(2554, 172, 'Cachoeiro de Itapemirim', ''),
(2555, 172, 'Colatina', ''),
(2556, 172, 'Linhares', ''),
(2557, 172, 'Goiania', ''),
(2558, 172, 'Anapolis', ''),
(2559, 172, 'Araguaina', ''),
(2560, 172, 'Luziania', ''),
(2561, 172, 'Rio Verde', ''),
(2562, 172, 'Sao Luis', ''),
(2563, 172, 'Imperatriz', ''),
(2564, 172, 'Caxias', ''),
(2565, 172, 'Timon', ''),
(2566, 172, 'Codo', ''),
(2567, 172, 'Parnaiba', ''),
(2568, 172, 'Cuiaba', ''),
(2569, 172, 'Varzea Grande', ''),
(2570, 172, 'Rondonopolis', ''),
(2571, 172, 'Campo Grande', ''),
(2572, 172, 'Dourados', ''),
(2573, 172, 'Belo Horizonte', ''),
(2574, 172, 'Contagem', ''),
(2575, 172, 'Betim', ''),
(2576, 172, 'Ribeirao das Neves', ''),
(2577, 172, 'Ibirite', ''),
(2578, 172, 'Uberlandia', ''),
(2579, 172, 'Juiz de Fora', ''),
(2580, 172, 'Montes Claros', ''),
(2581, 172, 'Uberaba', ''),
(2582, 172, 'Governador Valadares', ''),
(2583, 172, 'Ipatinga', ''),
(2584, 172, 'Divinopolis', ''),
(2585, 172, 'Sete Lagoas', ''),
(2586, 172, 'Teofilo Otoni', ''),
(2587, 172, 'Pocos de Caldas', ''),
(2588, 172, 'Patos de Minas', ''),
(2589, 172, 'Itapecerica da Serra', ''),
(2590, 172, 'Barbacena', ''),
(2591, 172, 'Sabara', ''),
(2592, 172, 'Varginha', ''),
(2593, 172, 'Belem', ''),
(2594, 172, 'Abaetetuba', ''),
(2595, 172, 'Ananindeua', ''),
(2596, 172, 'Santarem', ''),
(2597, 172, 'Maraba', ''),
(2598, 172, 'Castanhal', ''),
(2599, 172, 'Itaituba', ''),
(2600, 172, 'Joao Pessoa', ''),
(2601, 172, 'Campina Grande', ''),
(2602, 172, 'Santa Luzia', ''),
(2603, 172, 'Santa Rita', ''),
(2604, 172, 'Curitiba', ''),
(2605, 172, 'Sao Jose dos Pinhais', ''),
(2606, 172, 'Londrina', ''),
(2607, 172, 'Maringa', ''),
(2608, 172, 'Ponta Grossa', ''),
(2609, 172, 'Foz do Iguacu', ''),
(2610, 172, 'Cascavel', ''),
(2611, 172, 'Colombo', ''),
(2612, 172, 'Guarapuava', ''),
(2613, 172, 'Paranagua', ''),
(2614, 172, 'Apucarana', ''),
(2615, 172, 'Recife', ''),
(2616, 172, 'Cabo de Santo Agostinho', ''),
(2617, 172, 'Jaboatao dos Guararapes', ''),
(2618, 172, 'Paulista', ''),
(2619, 172, 'Caruaru', ''),
(2620, 172, 'Gravatai', ''),
(2621, 172, 'Petrolina', ''),
(2622, 172, 'Vitoria de Santo Antao', ''),
(2623, 172, 'Camaragibe', ''),
(2624, 172, 'Garanhuns', ''),
(2625, 172, 'Teresina', ''),
(2626, 172, 'Rio de Janeiro', ''),
(2627, 172, 'Campos dos Goytacazes', ''),
(2628, 172, 'Sao Goncalo', ''),
(2629, 172, 'Novo Iguacu', ''),
(2630, 172, 'Duque de Caxias', ''),
(2631, 172, 'Niteroi', ''),
(2632, 172, 'Sao Joao de Meriti', ''),
(2633, 172, 'Belfort Roxo', ''),
(2634, 172, 'Olinda', ''),
(2635, 172, 'Petropolis', ''),
(2636, 172, 'Volta Redonda', ''),
(2637, 172, 'Mage', ''),
(2638, 172, 'Nova Friburgo', ''),
(2639, 172, 'Barra Mansa', ''),
(2640, 172, 'Itaborai', ''),
(2641, 172, 'Nilopolis', ''),
(2642, 172, 'Teresopolis', ''),
(2643, 172, 'Macae', ''),
(2644, 172, 'Queimados', ''),
(2645, 172, 'Cabo Frio', ''),
(2646, 172, 'Natal', ''),
(2647, 172, 'Mossoro', ''),
(2648, 172, 'Porto Alegre', ''),
(2649, 172, 'Alvorada', ''),
(2650, 172, 'Sapucaia do Sul', ''),
(2651, 172, 'Caxias do Sul', ''),
(2652, 172, 'Pelotas', ''),
(2653, 172, 'Canoas', ''),
(2654, 172, 'Santa Maria', ''),
(2655, 172, 'Novo Hamburgo', ''),
(2656, 172, 'Viamao', ''),
(2657, 172, 'Sao Leopoldo', ''),
(2658, 172, 'Rio Grande', ''),
(2659, 172, 'Passo Fundo', ''),
(2660, 172, 'Uruguaiana', ''),
(2661, 172, 'Bage', ''),
(2662, 172, 'Santa Cruz do Sul', ''),
(2663, 172, 'Porto Velho', ''),
(2664, 172, 'Boa Vista', ''),
(2665, 172, 'Joinvile', ''),
(2666, 172, 'Florianopolis', ''),
(2667, 172, 'Blumenau', ''),
(2668, 172, 'Criciuma', ''),
(2669, 172, 'Praia Grande', ''),
(2670, 172, 'Sao Jose', ''),
(2671, 172, 'Lages', ''),
(2672, 172, 'Itajai', ''),
(2673, 172, 'Chapeco', ''),
(2674, 172, 'Sao Paulo', ''),
(2675, 172, 'Santa Barbara dOeste', ''),
(2676, 172, 'Sumare', ''),
(2677, 172, 'Hortolandia', ''),
(2678, 172, 'Guarulhos', ''),
(2679, 172, 'Campinas', ''),
(2680, 172, 'Sao Bernardo do Campo', ''),
(2681, 172, 'Santo Andre', ''),
(2682, 172, 'Osasco', ''),
(2683, 172, 'Sao Jose dos Campos', ''),
(2684, 172, 'Ribeirao Preto', ''),
(2685, 172, 'Sorocaba', ''),
(2686, 172, 'Santos', ''),
(2687, 172, 'Maua', ''),
(2688, 172, 'Carapicuiba', ''),
(2689, 172, 'Sao Jose do Rio Preto', ''),
(2690, 172, 'Diadema', ''),
(2691, 172, 'Moji das Cruzes', ''),
(2692, 172, 'Piracicaba', ''),
(2693, 172, 'Jundiai', ''),
(2694, 172, 'Bauru', ''),
(2695, 172, 'Sao Vicente', ''),
(2696, 172, 'Franca', ''),
(2697, 172, 'Aparecida de Goiania', ''),
(2698, 172, 'Limeira', ''),
(2699, 172, 'Itaquaquecetuba', ''),
(2700, 172, 'Guaruja', ''),
(2701, 172, 'Taubate', ''),
(2702, 172, 'Embu', ''),
(2703, 172, 'Taboao da Serra', ''),
(2704, 172, 'Suzano', ''),
(2705, 172, 'Marilia', ''),
(2706, 172, 'Presidente Prudente', ''),
(2707, 172, 'Barueri', ''),
(2708, 172, 'Sao Carlos', ''),
(2709, 172, 'Jacarei', ''),
(2710, 172, 'Americana', ''),
(2711, 172, 'Araraquara', ''),
(2712, 172, 'Aracatuba', ''),
(2713, 172, 'Rio Claro', ''),
(2714, 172, 'Sao Caetano do Sul', ''),
(2715, 172, 'Itapevi', ''),
(2716, 172, 'Cotia', ''),
(2717, 172, 'Itu', ''),
(2718, 172, 'Indaiatuba', ''),
(2719, 172, 'Ferraz de Vasconcelos', ''),
(2720, 172, 'Moji Guacu', ''),
(2721, 172, 'Pindamonhangaba', ''),
(2722, 172, 'Itapetininga', ''),
(2723, 172, 'Braganca Paulista', ''),
(2724, 172, 'Francisco Morato', ''),
(2725, 172, 'Barretos', ''),
(2726, 172, 'Jau', ''),
(2727, 172, 'Catanduva', ''),
(2728, 172, 'Botucatu', ''),
(2729, 172, 'Ribeirao Pires', ''),
(2730, 172, 'Aracaju', ''),
(2731, 172, 'Arapiraca', ''),
(2732, 172, 'Nossa Senhora do Socorro', ''),
(2733, 172, 'Palmas', ''),
(2734, 172, 'Brasilia', ''),
(2735, 173, 'Santiago', ''),
(2736, 173, 'Valparaiso', ''),
(2737, 174, 'Asuncion', ''),
(2738, 175, 'Montevideo', ''),
(2739, 176, 'Chachapoyas', ''),
(2740, 176, 'Chimbote', ''),
(2741, 176, 'Huaraz', ''),
(2742, 176, 'Abancay', ''),
(2743, 176, 'Arequipa', ''),
(2744, 176, 'Ayacucho', ''),
(2745, 176, 'Cajamarca', ''),
(2746, 176, 'Callao', ''),
(2747, 176, 'Cusco', ''),
(2748, 176, 'Huancavelica', ''),
(2749, 176, 'Huanuco', ''),
(2750, 176, 'Ica', ''),
(2751, 176, 'Chincha Alta', ''),
(2752, 176, 'Huancayo', ''),
(2753, 176, 'Trujillo', ''),
(2754, 176, 'Chiclayo', ''),
(2755, 176, 'Lima', ''),
(2756, 176, 'Iquitos', ''),
(2757, 176, 'Puerto Maldonado', ''),
(2758, 176, 'Moquegua', ''),
(2759, 176, 'Cerro de Pasco', ''),
(2760, 176, 'Piura', ''),
(2761, 176, 'Sullana', ''),
(2762, 176, 'Talara', ''),
(2763, 176, 'Puno', ''),
(2764, 176, 'Juliaca', ''),
(2765, 176, 'Moyobamba', ''),
(2766, 176, 'Tacna', ''),
(2767, 176, 'Tumbes', ''),
(2768, 176, 'Pucallpa', ''),
(2769, 177, 'Cayenne', ''),
(2770, 178, 'Georgetown', ''),
(2771, 179, 'Paramaribo', ''),
(2772, 180, 'Puerto Ayacucho', ''),
(2773, 180, 'Barcelona', ''),
(2774, 180, 'Puerto La Cruz', ''),
(2775, 180, 'San Fernando', ''),
(2776, 180, 'Maracay', ''),
(2777, 180, 'Turmero', ''),
(2778, 180, 'Barinas', ''),
(2779, 180, 'Ciudad Bolivar', ''),
(2780, 180, 'Ciudad Guayana', ''),
(2781, 180, 'Valencia', ''),
(2782, 180, 'Puerto Cabello', ''),
(2783, 180, 'Guacara', ''),
(2784, 180, 'San Carlos', ''),
(2785, 180, 'Tucupita', ''),
(2786, 180, 'Coro', ''),
(2787, 180, 'San Juan', ''),
(2788, 180, 'Barquisimeto', ''),
(2789, 180, 'Merida', ''),
(2790, 180, 'Los Teques', ''),
(2791, 180, 'Petare', ''),
(2792, 180, 'Baruta', ''),
(2793, 180, 'Guarenas', ''),
(2794, 180, 'Maturin', ''),
(2795, 180, 'La Ascuncion', ''),
(2796, 180, 'Acarigua', ''),
(2797, 180, 'Guanare', ''),
(2798, 180, 'Cumana', ''),
(2799, 180, 'San Cristobal', ''),
(2800, 180, 'Trujillo', ''),
(2801, 180, 'San Felipe', ''),
(2802, 180, 'Maracaibo', ''),
(2803, 180, 'Cabimas', ''),
(2804, 180, 'Caracas', ''),
(2805, 180, 'Catia La Mar', ''),
(2806, 181, 'Quito', ''),
(2807, 181, 'Guayaquil', ''),
(2808, 182, 'Stanley', ''),
(2809, 183, 'Algier', ''),
(2810, 183, 'Annaba', ''),
(2811, 183, 'Batna', ''),
(2812, 183, 'Bechar', ''),
(2813, 183, 'Sidi bel Abbes', ''),
(2814, 183, 'Skikda', ''),
(2815, 183, 'Tebessa', ''),
(2816, 183, 'Oran', ''),
(2817, 183, 'Constantine', ''),
(2818, 183, 'Setif', ''),
(2819, 183, 'Blida', ''),
(2820, 183, 'Bejaia', ''),
(2821, 183, 'Mostaganem', ''),
(2822, 183, 'Tlemcen', ''),
(2823, 184, 'Tripoli', ''),
(2824, 184, 'Bengasi', ''),
(2825, 185, 'Bamako', ''),
(2826, 186, 'Nouakchott', ''),
(2827, 187, 'Rabat', ''),
(2828, 187, 'Agadir', ''),
(2829, 187, 'Fes', ''),
(2830, 187, 'Kenitra', ''),
(2831, 187, 'Khouribga', ''),
(2832, 187, 'Marrakech', ''),
(2833, 187, 'Meknes', ''),
(2834, 187, 'Oujda', ''),
(2835, 187, 'Safi', ''),
(2836, 187, 'Tanger', ''),
(2837, 187, 'Casablanca', ''),
(2838, 187, 'Beni Mellal', ''),
(2839, 187, 'Tetouan', ''),
(2840, 188, 'Niamey', ''),
(2841, 189, 'Tunis', ''),
(2842, 190, 'El Aaiun', ''),
(2843, 191, 'Cabinda', ''),
(2844, 191, 'Mbanza Congo', ''),
(2845, 191, 'Uige', ''),
(2846, 191, 'Luanda', ''),
(2847, 191, 'Ndalatando', ''),
(2848, 191, 'Sumbe', ''),
(2849, 191, 'Malanje', ''),
(2850, 191, 'Lucapa', ''),
(2851, 191, 'Saurimo', ''),
(2852, 191, 'Benguela', ''),
(2853, 191, 'Huambo', ''),
(2854, 191, 'Bie', ''),
(2855, 191, 'Luena', ''),
(2856, 191, 'Menongue', ''),
(2857, 191, 'Namibe', ''),
(2858, 191, 'Lubango', ''),
(2859, 191, 'Caxito', ''),
(2860, 191, 'Ngiva', ''),
(2861, 192, 'Brazzaville', ''),
(2862, 193, 'Windhoek', ''),
(2863, 194, 'Kikwit', ''),
(2864, 194, 'Bandundu', ''),
(2865, 194, 'Matadi', ''),
(2866, 194, 'Boma', ''),
(2867, 194, 'Mbandaka', ''),
(2868, 194, 'Kisangani', ''),
(2869, 194, 'Kananga', ''),
(2870, 194, 'Tshikapa', ''),
(2871, 194, 'Mbuji Mayi', ''),
(2872, 194, 'Mwene Ditu', ''),
(2873, 194, 'Bukavu', ''),
(2874, 194, 'Uvira', ''),
(2875, 194, 'Butembo', ''),
(2876, 194, 'Goma', ''),
(2877, 194, 'Lubumbashi', ''),
(2878, 194, 'Kolwezi', ''),
(2879, 194, 'Likasi', ''),
(2880, 194, 'Kalemie', ''),
(2881, 194, 'Kinshasa', ''),
(2882, 195, 'Kabwe', ''),
(2883, 195, 'Ndola', ''),
(2884, 195, 'Kitwe', ''),
(2885, 195, 'Chingola', ''),
(2886, 195, 'Mufulira', ''),
(2887, 195, 'Luanshya', ''),
(2888, 195, 'Chipata', ''),
(2889, 195, 'Mansa', ''),
(2890, 195, 'Lusaka', ''),
(2891, 195, 'Kasama', ''),
(2892, 195, 'Solwezi', ''),
(2893, 195, 'Livingstone', ''),
(2894, 195, 'Mongu', ''),
(2895, 196, 'Porto-Novo', ''),
(2896, 197, 'Ouagadougou', ''),
(2897, 198, 'Abuja', ''),
(2898, 198, 'Makurdi', ''),
(2899, 198, 'Maiduguri', ''),
(2900, 198, 'Calabar', ''),
(2901, 198, 'Benin City', ''),
(2902, 198, 'Enugu', ''),
(2903, 198, 'Kaduna', ''),
(2904, 198, 'Kano', ''),
(2905, 198, 'Katsina', ''),
(2906, 198, 'Ilorin', ''),
(2907, 198, 'Lagos', ''),
(2908, 198, 'Minna', ''),
(2909, 198, 'Abeokuta', ''),
(2910, 198, 'Ondo', ''),
(2911, 198, 'Akure', ''),
(2912, 198, 'Oshogbo', ''),
(2913, 198, 'Oyo', ''),
(2914, 198, 'Ibadan', ''),
(2915, 198, 'Jos', ''),
(2916, 198, 'Port Harcourt', ''),
(2917, 198, 'Sokoto', ''),
(2918, 198, 'Ogbomosho', ''),
(2919, 198, 'Zaria', ''),
(2920, 198, 'Ilesha', ''),
(2921, 198, 'Onitsha', ''),
(2922, 198, 'Iwo', ''),
(2923, 198, 'Ado Ekiti', ''),
(2924, 198, 'Mushin', ''),
(2925, 198, 'Ede', ''),
(2926, 198, 'Aba', ''),
(2927, 198, 'Ife', ''),
(2928, 198, 'Ila', ''),
(2929, 198, 'Ikerre', ''),
(2930, 198, 'Iseyin', ''),
(2931, 198, 'Ilobu', ''),
(2932, 198, 'Offa', ''),
(2933, 198, 'Ikorodu', ''),
(2934, 198, 'Ilawe Ekiti', ''),
(2935, 198, 'Owo', ''),
(2936, 198, 'Ikirun', ''),
(2937, 198, 'Shaki', ''),
(2938, 198, 'Gusau', ''),
(2939, 198, 'Ijebu Ode', ''),
(2940, 198, 'Effon Alaiye', ''),
(2941, 198, 'Kumo', ''),
(2942, 198, 'Shomolu', ''),
(2943, 198, 'Oka', ''),
(2944, 198, 'Ikare', ''),
(2945, 198, 'Sapele', ''),
(2946, 198, 'Deba Habe', ''),
(2947, 198, 'Aarri', ''),
(2948, 198, 'Bida', ''),
(2949, 198, 'Ikire', ''),
(2950, 198, 'Lafia', ''),
(2951, 198, 'Inisa', ''),
(2952, 198, 'Shagamu', ''),
(2953, 199, 'Lome', ''),
(2954, 200, 'Gaborone', ''),
(2955, 201, 'Port Elizabeth', ''),
(2956, 201, 'East London', ''),
(2957, 201, 'Bisho', ''),
(2958, 201, 'Bloemfontein', ''),
(2959, 201, 'Pretoria', ''),
(2960, 201, 'Johannesburg', ''),
(2961, 201, 'Soweto', ''),
(2962, 201, 'Tembisa', ''),
(2963, 201, 'Boksburg', ''),
(2964, 201, 'Carletonville', ''),
(2965, 201, 'Benoni', ''),
(2966, 201, 'Pietermaritzburg', ''),
(2967, 201, 'Durban', ''),
(2968, 201, 'Nelspruit', ''),
(2969, 201, 'Kimberley', ''),
(2970, 201, 'Pietersburg', ''),
(2971, 201, 'Mmabatho', ''),
(2972, 201, 'Cape Town', ''),
(2973, 202, 'Harare', ''),
(2974, 203, 'Yamoussoukro', ''),
(2975, 203, 'Abidjan', ''),
(2976, 204, 'Accra', ''),
(2977, 204, 'Kumasi', ''),
(2978, 204, 'Cape Coast', ''),
(2979, 204, 'Tamale', ''),
(2980, 204, 'Tema', ''),
(2981, 204, 'Takoradi', ''),
(2982, 204, 'Sekondi', ''),
(2983, 205, 'Bujumbura', ''),
(2984, 206, 'Kigali', ''),
(2985, 207, 'Dodoma', ''),
(2986, 207, 'Arusha', ''),
(2987, 207, 'Moshi', ''),
(2988, 207, 'Tanga', ''),
(2989, 207, 'Morogoro', ''),
(2990, 207, 'Dar es Salaam', ''),
(2991, 207, 'Lindi', ''),
(2992, 207, 'Mtwara Mikandani', ''),
(2993, 207, 'Songea', ''),
(2994, 207, 'Iringa', ''),
(2995, 207, 'Mbeya', ''),
(2996, 207, 'Singida', ''),
(2997, 207, 'Tabora', ''),
(2998, 207, 'Sumbawanga', ''),
(2999, 207, 'Kigoma Ujiji', ''),
(3000, 207, 'Shinyanga', ''),
(3001, 207, 'Bukoba', ''),
(3002, 207, 'Mwanza', ''),
(3003, 207, 'Musoma', ''),
(3004, 207, 'Mkokotoni', ''),
(3005, 207, 'Koani', ''),
(3006, 207, 'Zanzibar', ''),
(3007, 207, 'Wete', ''),
(3008, 207, 'Chake Cahke', ''),
(3009, 208, 'Ngaoundere', ''),
(3010, 208, 'Yaounde', ''),
(3011, 208, 'Bertoua', ''),
(3012, 208, 'Maroua', ''),
(3013, 208, 'Douala', ''),
(3014, 208, 'Garoua', ''),
(3015, 208, 'Bamenda', ''),
(3016, 208, 'Bafoussam', ''),
(3017, 208, 'Ebolowa', ''),
(3018, 208, 'Buea', ''),
(3019, 209, 'Bangui', ''),
(3020, 210, 'NDjamena', ''),
(3021, 211, 'Malabo', ''),
(3022, 212, 'Libreville', ''),
(3023, 213, 'Praia', ''),
(3024, 214, 'Malakal', ''),
(3025, 214, 'Waw', ''),
(3026, 214, 'Nyala', ''),
(3027, 214, 'al Fasher', ''),
(3028, 214, 'Juba', ''),
(3029, 214, 'Khartoum', ''),
(3030, 214, 'Omdurman', ''),
(3031, 214, 'Khartoum North', ''),
(3032, 214, 'al Ubayyid', ''),
(3033, 214, 'ad Damir', ''),
(3034, 214, 'Kassala', ''),
(3035, 214, 'Port Sudan', ''),
(3036, 214, 'al Qadarif', ''),
(3037, 214, 'Wad Madani', ''),
(3038, 215, 'Moroni', ''),
(3039, 216, 'Conakry', ''),
(3040, 217, 'Monrovia', ''),
(3041, 218, 'Djibouti', ''),
(3042, 219, 'Asmara', ''),
(3043, 220, 'Addis Ababa', ''),
(3044, 220, 'Dire Dawa', ''),
(3045, 220, 'Gonder', ''),
(3046, 220, 'Nazret', ''),
(3047, 220, 'Harer', ''),
(3048, 220, 'Mekele', ''),
(3049, 220, 'Jima', ''),
(3050, 220, 'Dese', ''),
(3051, 220, 'Bahir Dar', ''),
(3052, 220, 'Debrezit', ''),
(3053, 221, 'Mogadishu', ''),
(3054, 222, 'Nyeri', ''),
(3055, 222, 'Thika', ''),
(3056, 222, 'Mombasa', ''),
(3057, 222, 'Malindi', ''),
(3058, 222, 'Machakos', ''),
(3059, 222, 'Meru', ''),
(3060, 222, 'Embu', ''),
(3061, 222, 'Nairobi', ''),
(3062, 222, 'Garissa', ''),
(3063, 222, 'Kisumu', ''),
(3064, 222, 'Kisii', ''),
(3065, 222, 'Nakuru', ''),
(3066, 222, 'Eldoret', ''),
(3067, 222, 'Kitale', ''),
(3068, 222, 'Kericho', ''),
(3069, 222, 'Kakamega', ''),
(3070, 223, 'Banjul', ''),
(3071, 224, 'Dakar', ''),
(3072, 224, 'Diourbel', ''),
(3073, 224, 'Fatick', ''),
(3074, 224, 'Kaolack', ''),
(3075, 224, 'Kolda', ''),
(3076, 224, 'Louga', ''),
(3077, 224, 'Saint Louis', ''),
(3078, 224, 'Tambacounda', ''),
(3079, 224, 'Thies', ''),
(3080, 224, 'Ziguinchor', ''),
(3081, 225, 'Bissau', ''),
(3082, 226, 'Freetown', ''),
(3083, 227, 'Kampala', ''),
(3084, 228, 'Maseru', ''),
(3085, 229, 'Antsiranana', ''),
(3086, 229, 'Antananarivo', ''),
(3087, 229, 'Antsirabe', ''),
(3088, 229, 'Fianarantsoa', ''),
(3089, 229, 'Majunga', ''),
(3090, 229, 'Tamatave', ''),
(3091, 229, 'Toliara', ''),
(3092, 230, 'Lilongwe', ''),
(3093, 231, 'Pemba', ''),
(3094, 231, 'Xai Xai', ''),
(3095, 231, 'Inhambane', ''),
(3096, 231, 'Chimoio', ''),
(3097, 231, 'Nacala', ''),
(3098, 231, 'Matala', ''),
(3099, 231, 'Nampula', ''),
(3100, 231, 'Lichinga', ''),
(3101, 231, 'Beira', ''),
(3102, 231, 'Tete', ''),
(3103, 231, 'Quelimane', ''),
(3104, 231, 'Maputo', ''),
(3105, 232, 'Port Louis', ''),
(3106, 233, 'Mamoutzou', ''),
(3107, 234, 'Mbabane', ''),
(3108, 235, 'Saint-Denis', ''),
(3109, 236, 'Jamestown', ''),
(3110, 237, 'Sao Tome', ''),
(3111, 238, 'Victoria', '');

-- --------------------------------------------------------

--
-- Table structure for table `envio_correo`
--

CREATE TABLE IF NOT EXISTS `envio_correo` (
  `id` int(11) NOT NULL AUTO_INCREMENT,
  `titulo_evento` varchar(150) NOT NULL,
  `url_evento` varchar(150) NOT NULL,
  `nombre_user` varchar(50) NOT NULL,
  `fecha_evento` char(11) NOT NULL,
  `email_user` varchar(50) NOT NULL,
  `created_at` date NOT NULL,
  `enviado` tinyint(1) NOT NULL DEFAULT '2',
  `tipo` enum('suscrito','inscrito') NOT NULL,
  PRIMARY KEY (`id`)
) ENGINE=MyISAM  DEFAULT CHARSET=latin1 AUTO_INCREMENT=24 ;

--
-- Dumping data for table `envio_correo`
--

INSERT INTO `envio_correo` (`id`, `titulo_evento`, `url_evento`, `nombre_user`, `fecha_evento`, `email_user`, `created_at`, `enviado`, `tipo`) VALUES
(1, 'Curso de primeros auxiilios', 'curso-de-primeros-auxiilios-2', 'Usuario', '1354233600', 'steve@localhost.com', '2012-11-23', 1, 'suscrito'),
(2, 'Curso de primeros auxiilios', 'curso-de-primeros-auxiilios-2', 'Usuario', '1354233600', 'apustudio@localhost.com', '2012-11-23', 1, 'suscrito'),
(3, 'Curso de primeros auxiilios', 'curso-de-primeros-auxiilios-2', 'Usuario', '1354233600', 'info@esceniko.com', '2012-11-23', 1, 'suscrito'),
(4, 'Concierto La oreja de Van Goh', 'concierto-la-oreja-de-van-goh-1', 'Usuario', '1353708000', 'steve@localhost.com', '2012-11-23', 1, 'suscrito'),
(5, 'Concierto La oreja de Van Goh', 'concierto-la-oreja-de-van-goh-1', 'Usuario', '1353708000', 'apustudio@localhost.com', '2012-11-23', 1, 'suscrito'),
(6, 'Concierto La oreja de Van Goh', 'concierto-la-oreja-de-van-goh-1', 'Usuario', '1353708000', 'info@esceniko.com', '2012-11-23', 1, 'suscrito'),
(7, 'Concierto Miriam Hernandez', 'concierto-miriam-hernandez', 'Usuario', '1354237200', 'steve@localhost.com', '2012-11-30', 2, 'suscrito'),
(8, 'Concierto Miriam Hernandez', 'concierto-miriam-hernandez', 'Usuario', '1354237200', 'apustudio@localhost.com', '2012-11-30', 2, 'suscrito'),
(9, 'Concierto Miriam Hernandez', 'concierto-miriam-hernandez', 'Usuario', '1354237200', 'info@esceniko.com', '2012-11-30', 2, 'suscrito'),
(10, 'Concierto La oreja de Van Goh', 'concierto-la-oreja-de-van-goh', 'Usuario', '1355529600', 'steve@localhost.com', '2012-11-30', 2, 'suscrito'),
(11, 'Concierto La oreja de Van Goh', 'concierto-la-oreja-de-van-goh', 'Usuario', '1355529600', 'apustudio@localhost.com', '2012-11-30', 2, 'suscrito'),
(12, 'Concierto La oreja de Van Goh', 'concierto-la-oreja-de-van-goh', 'Usuario', '1355529600', 'info@esceniko.com', '2012-11-30', 2, 'suscrito'),
(13, 'Evento 102', 'evento-102', 'Usuario', '1354320000', 'apustudio@localhost.com', '2012-11-30', 2, 'suscrito'),
(14, 'Concierto Miriam Hernandez', 'concierto-miriam-hernandez', 'Usuario', '1356829200', 'steve@localhost.com', '2012-12-04', 2, 'suscrito'),
(15, 'Concierto Miriam Hernandez', 'concierto-miriam-hernandez', 'Usuario', '1356829200', 'apustudio@localhost.com', '2012-12-04', 2, 'suscrito'),
(16, 'Concierto Miriam Hernandez', 'concierto-miriam-hernandez', 'Usuario', '1356829200', 'info@esceniko.com', '2012-12-04', 2, 'suscrito'),
(17, 'evento del 18 de Diciembre', 'evento-del-18-de-diciembre', 'Usuario', '1355864400', 'juanito@localhost.com', '2012-12-18', 2, 'suscrito'),
(18, 'evento repetido semanalmente del 18 de Diciembre', 'evento-repetido-semanalmente-del-18-de-diciembre', 'Usuario', '1355860800', 'dennisbot@localhost.com', '2012-12-18', 2, 'suscrito'),
(19, 'evento de carlitos del 20 de diciembre', 'evento-de-carlitos-del-20-de-diciembre', 'Usuario', '1356048000', 'carlitos@localhost.com', '2012-12-20', 2, 'suscrito'),
(20, 'Evento en Linea', 'evento-en-linea', 'Usuario', '1359676800', 'carlitos@localhost.com', '2013-01-22', 2, 'suscrito'),
(21, 'testeando img', 'testeando-img', 'Usuario', '1360886400', 'dennisbot@localhost.com', '2013-02-06', 2, 'suscrito'),
(22, 'tes tes tse set', 'tes-tes-tse-set', 'Usuario', '1360627200', 'juanito@localhost.com', '2013-02-07', 2, 'suscrito'),
(23, 'test', 'test', 'Usuario', '1371254400', 'carlitos@localhost.com', '2013-06-14', 2, 'suscrito');

-- --------------------------------------------------------

--
-- Table structure for table `evento`
--

CREATE TABLE IF NOT EXISTS `evento` (
  `evento_id` int(11) NOT NULL AUTO_INCREMENT,
  `pais_id` int(11) NOT NULL DEFAULT '1',
  `ciudad_id` int(11) NOT NULL,
  `categoria_id` int(11) NOT NULL,
  `usuario_id` int(11) NOT NULL,
  `nombre` varchar(100) NOT NULL,
  `lugar` varchar(100) NOT NULL,
  `ubicacion` varchar(200) NOT NULL,
  `descripcion` longtext NOT NULL,
  `programa` longtext,
  `fecha_inicio` varchar(14) NOT NULL,
  `fecha_fin` varchar(14) NOT NULL,
  `url` varchar(100) DEFAULT NULL,
  `img` varchar(100) DEFAULT NULL,
  `status` tinyint(1) DEFAULT '1',
  `publico` tinyint(1) NOT NULL DEFAULT '1',
  `detalle_costo` varchar(200) DEFAULT 'gratuito',
  `created_at` timestamp NULL DEFAULT CURRENT_TIMESTAMP,
  `presencial` tinyint(1) NOT NULL DEFAULT '1',
  `organizador` varchar(100) DEFAULT NULL,
  `detalle_organizador` longtext,
  `referencia` varchar(300) DEFAULT NULL,
  `latitud` varchar(30) DEFAULT NULL,
  `longitud` varchar(30) DEFAULT NULL,
  `dirigido_a` varchar(50) DEFAULT '''publico en general''',
  `capacidad` char(20) DEFAULT NULL,
  `es_repetido` tinyint(4) DEFAULT '0',
  `nro_visitas` int(11) DEFAULT 0,
  PRIMARY KEY (`evento_id`),
  KEY `foto` (`img`),
  FULLTEXT KEY `nombre` (`nombre`)
) ENGINE=MyISAM  DEFAULT CHARSET=latin1 AUTO_INCREMENT=53 ;

--
-- Dumping data for table `evento`
--

INSERT INTO `evento` (`evento_id`, `pais_id`, `ciudad_id`, `categoria_id`, `usuario_id`, `nombre`, `lugar`, `ubicacion`, `descripcion`, `programa`, `fecha_inicio`, `fecha_fin`, `url`, `img`, `status`, `publico`, `detalle_costo`, `created_at`, `presencial`, `organizador`, `detalle_organizador`, `referencia`, `latitud`, `longitud`, `dirigido_a`, `capacidad`, `es_repetido`) VALUES
(1, 176, 2747, 14, 1, 'evento #1 de dennisbot', 'parque marianito ferro', 'av infancia wanchaq', '<p>\r\n detalles del evento marianito ferro</p>', '', '1353956400', '1356307200', 'evento-1-de-dennisbot', 'evento_164cff9af5d94612', 1, 1, '<p>\r\n 10 lucas</p>', '2012-09-25 14:34:55', 1, 'dennisbot', '', 'Marianito Ferro, Cuzco, Cusco, Perú', '-13.526865605923687', '-71.96831569940565', 'publico en general', '290', 0),
(44, 176, 2747, 15, 1, 'novo evento', 'recinto xD', 'av los mariscales 111', '<p>\r\n descripcion</p>', '', '1356566400', '1356570000', 'novo-evento', '', 1, 1, 'gratuito', '2012-12-20 17:34:34', 1, 'dennisbot', '', 'Mariscal Gamarra, Cuzco, Cusco, Perú', '-13.5207684', '-71.96273309999998', 'p&uacute;blico en general', '200 personas', 0),
(2, 176, 2747, 11, 1, 'evento #2 de dennisbot cambiado 2', 'condor apuchin', 'av de la cultura 1er paradero', '<p>\r\n detalle del evento en el condor</p>', '<p>\r\n programa resumen</p>', '1354050000', '1354060800', 'evento-2-de-dennisbot-cambiado-2', 'evento_98415442dc4121d7', 1, 1, '<p>\r\n 10 lucas nomas</p>', '2012-09-25 14:37:43', 1, 'dennisbot', '', 'El Cóndor, Prolongacion De La Cultura, Cusco, Peru', '-13.528142', '-71.93986000000001', 'publico en general', '50', 0),
(3, 176, 2747, 6, 1, 'evento #3 de dennisbot', 'municipalidad de wanchaq cusco', 'av Garcilazo', '<p>\r\n detalle del evento de la municipalidad de wanchaq</p>', '<p>\r\n programa del evento de la municipalidad de wanchaq</p>', '1352919900', '1352927700', 'evento-3-de-dennisbot', 'evento_7ee275b569999e11', 1, 1, '<p>\r\n es gratuito</p>', '2012-09-25 14:42:01', 1, 'dennisbot', '', 'Municipalidad de Wanchaq, Cuzco, Cusco, Perú', '-13.521337', '-71.96680600000002', 'publico en general', '120', 1),
(4, 176, 2747, 1, 1, 'evento #4 de dennisbot', 'colegio ciencias', 'plaza san francisco cusco', '<p>\r\n evento del colegio ciencias</p>', '<p>\r\n programa del colegio ciencias</p>', '1353862800', '1353801600', 'evento-4-de-dennisbot', 'evento_85991690036fb80f', 1, 1, 'gratuito', '2012-09-25 14:55:52', 1, 'dennisbot', '', 'Plaza San Francisco, Cenizas, Cusco, Peru', '-13.518646', '-71.98147899999998', 'p&uacute;blico en general', '180', 0),
(5, 176, 2747, 6, 2, 'evento #1 de carlitos', 'plazoleta de santiago, cusco', 'plazoleta de santiago', '<p>\r\n detalle del evento plazoleta de santiago de carlitos</p>', '<p>\r\n programa del evento de plazoleta de santiago de carlitos</p>', '1354042800', '1353974400', 'evento-1-de-carlitos', '', 1, 1, '<p>\r\n es gratuito</p>', '2012-09-25 15:07:26', 1, 'carlitos', NULL, 'Plazoleta de Santiago, Patacalle, Cusco, Perú', '-13.525337', '-71.98335400000002', 'publico en general', '300', 0),
(6, 176, 2747, 2, 2, 'evento #2 de carlitos', 'plaza de armas cusco', 'plaza de armas cusco', '<p>\r\n detalle del evento de plaza de armas de carlitos&nbsp;</p>', '<p>\r\n programa del evento plaza de armas de carlitos</p>', '1354190400', '1354147200', 'evento-2-de-carlitos', '', 1, 1, '<p>\r\n es gratuito</p>', '2012-09-25 15:10:28', 1, 'carlitos', NULL, 'Plaza de Armas, Plateros, Cusco, Perú', '-13.516735', '-71.978858', '', '600', 0),
(7, 176, 2747, 7, 2, 'evento #3 de carlitos', 'plaza de san sebastian, cusco', 'plaza de san sebastian, cusco', '<p>\r\n detalle del evento de plaza de san sebastian de carlitos&nbsp;</p>', '<p>\r\n programa del evento de plaza de san sebastian de carlitos</p>', '1354473000', '1354492800', 'evento-3-de-carlitos', '', 1, 1, '<p>\r\n es gratuito</p>', '2012-09-25 15:15:16', 1, 'carlitos', NULL, 'San Sebastian, Diego De Almagro, Cusco, Peru', '-13.530087', '-71.938064', '', '250', 0),
(8, 176, 2747, 4, 2, 'evento #4 de carlitos', 'chicharroneria el chanchito', 'saylla Nro 512', '<p>\r\n detalle del evento de chicharroneria en saylla de carlitos</p>', '<p>\r\n programa del evento de chicharroneria en saylla de carlitos</p>', '1354176000', '1354147200', 'evento-4-de-carlitos', 'evento_e250a43e07dc2682', 1, 1, '<p>\r\n 20 luquitas el plato bien servido casero</p>', '2012-09-25 15:18:18', 1, 'carlitos', '', 'Saylla, Cusco, Perú', '-13.5303449', '-71.95439820000001', 'p&uacute;blico en general', '230', 0),
(9, 176, 2747, 3, 2, 'evento # 12', 'mi casa', 'pav agua buena', '<p>\r\n dasf</p>', '<p>\r\n adf</p>', '1353835800', '1353801600', 'evento-12', '', 1, 1, '<p>\r\n dafs</p>', '2012-09-25 16:29:23', 1, 'carlitos', NULL, 'Agua Buena, Cusco, Peru', '-13.5442437', '-71.94198649999998', '', '2341', 0),
(10, 176, 2747, 3, 1, 'evento de dennisbot steve', 'condor apuchin', 'av la cultura', '<p>\r\n evento</p>', '<p>\r\n sddad adfafd dafdas</p>', '1354042800', '1353974400', 'evento-de-dennisbot-steve', 'evento_7be06b2ba67307f2', 1, 1, '<p>\r\n gratuito</p>', '2012-09-28 23:05:41', 1, 'dennisbot', '', 'Templo del Condor, Camino Inca, Cusco, Perú', '-13.1642861', '-72.54511500000001', '', '123', 0),
(11, 176, 2747, 8, 1, 'evento de dennisbot de octubre #1', 'parque recreacional de Agua Buena', 'apv agua buena', '<p>\r\n parque recreacional</p>', '<p>\r\n programa</p>\r\n<p>\r\n parque recreacional</p>', '1355387400', '1355356800', 'evento-de-dennisbot-de-octubre-1', '', 1, 1, '<p>\r\n 5 soles x persona</p>', '2012-10-02 14:41:38', 1, 'Municipalidad del Cusco', NULL, 'Agua Buena, Cusco, Peru', '-13.5442437', '-71.94198649999998', '', '500', 0),
(12, 176, 2747, 6, 1, 'evento de dennisbot para octubre steve', 'plaza de armas cusco', 'plaza de armas cusco', '<p>\r\n detalles de evento de dennisbot de musica probando fechas</p>', '<p>\r\n resumen del temario</p>', '1355084700', '1355089200', 'evento-de-dennisbot-para-octubre-steve', '', 1, 1, 'gratuito', '2012-10-04 16:10:44', 1, 'dennisbot', NULL, 'Plaza de Armas, Plateros, Cusco, Perú', '-13.516735', '-71.978858', '', '120 personas', 0),
(16, 176, 2747, 1, 1, 'octubre dennisbot', 'Colegio uriel garcia', 'av jorge chavez', '<p>\r\n detalles del evento de prueba</p>', '<p>\r\n resumen del programa del evento de prueba</p>', '1355074200', '1355077200', 'octubre-dennisbot', '', 1, 1, 'gratuito', '2012-10-05 23:33:46', 1, 'dennisbot', '', 'Uriel Garcia, Cuzco, Cusco, Perú', '-13.534388640685943', '-71.95776820192185', '', '120 personas', 0),
(17, 176, 2747, 4, 1, 'evento para noviembre', 'uriel garcia', 'av jorge chavez', '<p>\r\n detalles del evento de noviembre</p>', '<p>\r\n programa del evento de noviembre</p>', '1356948000', '1356973200', 'evento-para-noviembre', '', 1, 1, 'gratuito', '2012-10-08 17:26:42', 1, 'dennisbot', NULL, 'Uriel Garcia, Cuzco, Cusco, Perú', '-13.5342061', '-71.9572559', '', '120 personas', 0),
(18, 176, 2747, 7, 1, 'evento para diciembre', 'ovalo pachacutec', 'av daniel estrada perez', '<p>\r\n detalles del evento del mes de diciembre</p>', '<p>\r\n programa del evento del mes de diciembre</p>', '1359878400', '1359892800', 'evento-para-diciembre', '', 1, 1, 'gratuito', '2012-10-08 17:34:20', 1, 'dennisbot', NULL, 'Ovalo Pachacutec, San Martin, Cuzco, Cusco, Perú', '-13.527321', '-71.97131300000001', '', '120 personas', 0),
(19, 176, 2747, 9, 1, 'repeticiones probando', 'auditorio de la CP de Ingenieria informatica y de sistemas', 'av de la cultura', '<p>\r\n detalles del evento de repeticiones</p>', '<p>\r\n programa del evento de repeticiones</p>', '1349814600', '1349832600', 'repeticiones-probando', '', 1, 1, 'gratuito', '2012-10-09 17:23:44', 1, 'dennisbot', NULL, 'Universidad Nacional San Antonio Abad Del Cusco, Cusco, Peru', '-13.522104', '-71.95867399999997', '', '120 personas', 1),
(20, 176, 2747, 4, 1, 'evento semanal', 'plaza tupac amaru cusco', 'plaza tupac amaru cusco', '<p>\r\n feria gastronomica en plaza tupac amaru</p>', '<p>\r\n programa de la feria gastronomica de tupac amaru</p>', '1349814600', '1349832600', 'evento-semanal', '', 1, 1, 'gratuito', '2012-10-09 23:03:33', 1, 'dennisbot', NULL, 'Plaza Tupac Amaru, Cusco, Perú', '-13.522754', '-71.96653200000003', '', '600 personas', 1),
(21, 176, 2747, 5, 1, 'evento plus', 'marianito ferro', 'av infancia 512', '<p>\r\n detalle evento plus</p>', '<p>\r\n programa evento plus</p>', '1350075900', '1350089100', 'evento-plus', '', 1, 1, 'gratuito', '2012-10-10 23:35:02', 1, 'dennisbot', NULL, 'Marianito Ferro, Cuzco, Cusco, Perú', '-13.52673', '-71.96819499999998', '', '500 personas', 1),
(22, 176, 2747, 6, 1, 'concierto', 'df', 'ad', '<p>\r\n concierto</p>', '<p>\r\n programa concierto</p>', '1354385100', '1354396200', 'concierto', '', 1, 1, 'gratuito', '2012-10-11 00:13:36', 1, 'dennisbot', NULL, 'Mariani, Assam, India', '26.657766', '94.31798930000002', '', 'full ilimiua', 1),
(23, 176, 2747, 4, 1, 'evento diario', 'lugar cada 2 dias', 'ubicacion 2 dias', '<p>\r\n detalle evento repetido 2 dias</p>', '<p>\r\n resumen evento cada 2 dias</p>', '1350658800', '1350669600', 'evento-diario', '', 1, 1, 'gratuito', '2012-10-11 21:05:38', 1, 'dennisbot', NULL, 'Sahara Occidental', '24.215527', '-12.885833999999932', '', '500 personas', 1),
(24, 176, 2747, 6, 1, 'tif', 'dsa', 'ad', '<p>\r\n adsf</p>', '<p>\r\n ad</p>', '1350054000', '1350061200', 'tif', '', 1, 1, 'gratuito', '2012-10-11 21:44:19', 1, 'dennisbot', NULL, 'Adeje, España', '28.1218455', '-16.724639799999977', '', '500 personas', 1),
(25, 176, 2747, 6, 1, 'evento script movido', 'el penal', 'urbanizacion miraflores', '<p>\r\n evento de prueba de las fechas, es que cambie el script a otro lugar y estaba probando</p>', '<p>\r\n programa</p>', '1351706700', '1351718700', 'evento-script-movido', '', 1, 1, 'gratuito', '2012-10-26 22:29:44', 1, 'dennisbot', NULL, 'Miraflores, Cusco, Perú', '', '-13.5059723', '', '500 personas', 1),
(26, 173, 2735, 2, 1, 'evento del 29 de octubre', 'santiago', 'av los mariscales 111', '<p>\r\n detalle del evento</p>', '', '1351540800', '1351551600', 'evento-del-29-de-octubre', '', 1, 0, 'gratuito', '2012-10-29 16:36:41', 1, 'dennisbot', NULL, 'Santiago de Chile, Chile', '', '-33.4691199', '', '300 personas', 1),
(27, 176, 2747, 1, 1, 'evento diario del 30 de octubre', 'el salon del inka', 'plaza de armas cusco', '<p>\r\n estabamos probando si funka mis cambios correcciones</p>', '', '1351631100', '1351642500', 'evento-diario-del-30-de-octubre', '', 1, 1, 'gratuito', '2012-10-30 15:02:32', 1, 'dennisbot', NULL, 'Plaza de Armas, Plateros, Cusco, Perú', '', '-13.516735', '', '400 personas', 1),
(28, 176, 2747, 8, 1, 'evento de cada 2 dias x semana', 'colegio san antonio abad del cusco', 'san francisco', '<p>\r\n detalles del evento semanal 2 dias</p>', '', '1354741500', '1354749900', 'evento-de-cada-2-dias-x-semana-1', '', 1, 1, 'gratuito', '2012-10-30 15:54:49', 1, 'dennisbot', '', 'Cusco, Perú', '-13.525', '-71.97222219999998', 'p&uacute;blico en general', '400 personas', 1),
(29, 176, 2747, 4, 1, 'evento del 5 de noviembre', 'uriel garcia', 'av jorge chavez', '<p>\r\n detalles del evento de dennisbot del 5 de noviembre</p>', '', '1358110800', '1359331200', 'evento-del-5-de-noviembre', '', 1, 1, 'gratuito', '2012-11-05 15:37:04', 1, 'dennisbot', '<p>\r\n detalle de dennisbot</p>', 'Colegio Uriel Garcia, Jorge Chavez, Cusco, Perú', '', '-13.5344678', '', '200 personas', 0),
(30, 176, 2754, 2, 1, 'evento del 29 de octubre', 'teatro municipal', 'Av Inti Raimi', '<p>\r\n fsdfs</p>', '', '1352408400', '1352415600', 'evento-del-29-de-octubre-1', '', 1, 1, '<p>\r\n detalles del costo</p>', '2012-11-07 22:06:33', 1, 'dennisbot', '<p>\r\n web developer</p>', 'La Vid Iglesia en Células, Intiraymi, Cuzco, Cusco, Perú', '-13.52834', '-71.93377700000002', '', '200 personas', 1),
(31, 176, 2747, 11, 1, 'evento de prueba del 07 de noviembre', 'el salon del inka', 'av infancia 512', '<p>\r\n ds</p>', '', '1352318400', '1352343600', 'evento-de-prueba-del-07-de-noviembre-1', '', 1, 1, 'gratuito', '2012-11-07 22:25:08', 1, 'dennisbot', '', '', '', '', '', '300 personas', 1),
(32, 176, 2747, 13, 1, 'evento prueba 2, 07 de noviembre', 'mi local', 'av los mariscales 111', '<p>\r\n detalles del evento</p>', '', '1352325600', '1352332800', 'evento-prueba-2-07-de-noviembre', '', 1, 1, 'gratuito', '2012-11-08 00:03:24', 1, 'dennisbot', '<p>\r\n info adicional</p>', '', '', '', '', '300 personas', 1),
(33, 176, 2747, 4, 1, 'evento del 08 de noviembre', 'nombre del local', 'ubicacion', '<p>\r\n detalles del evento de prueba &nbsp;de hoy a las 08/11/2012</p>', '', '1352408700', '1352419800', 'evento-del-08-de-noviembre', '', 1, 1, 'gratuito', '2012-11-08 17:06:52', 1, 'dennisbot', '<p>\r\n web developer</p>', '', '', '', '', '200 personas', 1),
(34, 176, 2747, 13, 1, 'evento de dennis del 12 de Noviembre del 2012', 'nombre del local', 'ubicacion', '<p>\r\n detalles del evento</p>', '', '1358020800', '1359504000', 'evento-de-dennis-del-12-de-noviembre-del-2012', 'evento_460e5f2f8c639a36', 1, 1, 'gratuito', '2012-11-12 18:05:18', 1, 'dennisbot', '', 'Uriel Garcia, Cuzco, Cusco, Perú', '-13.534336486218525', '-71.95776283750382', '', '200 personas', 0),
(35, 176, 2747, 2, 1, 'evento del 14 de noviembre', 'nombre del local', 'ubicacion', '<p>\r\n detalles del evento</p>', '', '1352873100', '1352885100', 'evento-del-14-de-noviembre', 'evento_4b76d5ec130ce9fd', 1, 1, 'gratuito', '2012-11-14 16:42:42', 1, 'dennisbot', '<p>\r\n fsdf</p>', '', '', '', '', '200 personas', 1),
(36, 176, 2742, 2, 1, 'evento del 20 de noviembre', 'nombre del local', 'ubicacion', '<p>\r\n detalles del evento</p>', '', '1358812800', '1359421200', 'evento-del-20-de-noviembre', 'evento_2487b7030644ba19', 1, 1, 'gratuito', '2012-11-20 16:59:06', 1, 'dennisbot', '<p>\r\n contenido adicional del organizador</p>', 'Colegio Uriel Garcia', '-13.53455', '-71.95776999999998', '', '200 personas', 0),
(37, 176, 2747, 2, 1, 'evento del 21 de noviembre', 'nombre del local', 'ubicacion', '<p>\r\n detalle del evento</p>', '', '1354690800', '1354694400', 'evento-del-21-de-noviembre', '', 1, 1, 'gratuito', '2012-11-21 15:43:43', 1, 'dennisbot', '', 'San Sebastian, Diego De Almagro, Cusco, Perú', '-13.530087', '-71.938064', 'p&uacute;blico en general', '200 personas', 1),
(38, 176, 2747, 2, 2, 'evento del 22 de Noviembre', 'nombre del local', 'ubicacion', '<p>\r\n detalle del evento</p>', '', '1353614400', '1353621600', 'evento-del-22-de-noviembre', '', 1, 1, 'gratuito', '2012-11-22 22:50:34', 1, 'dennisbot', '', '', '', '', 'publico en general', '200 personas', 1),
(40, 176, 2747, 11, 1, 'evento 05 de diciembre', 'local', 'apv local', '<p>\r\n detalles del evento</p>', '', '1361232000', '1361235600', 'evento-05-de-diciembre', '', 1, 1, 'gratuito', '2012-12-05 17:31:31', 1, 'dennisbot', '<p>\r\n info adicional de dennisbot</p>', '', '', '', 'p&uacute;blico en general', '120 personas', 0),
(41, 176, 2747, 13, 1, 'evento del 18 de Diciembre', 'casa hogar', 'av velasco astete', '<p>\r\n evento repetitivo cada 4 dias</p>', '', '1355864400', '1355868000', 'evento-del-18-de-diciembre', 'evento_7adfae3a16f32633', 1, 1, 'gratuito', '2012-12-18 15:02:00', 1, 'dennisbot', '<p>\r\n info adicional del creador del evento</p>', 'Velasco Astete, Cusco, Perú', '-13.538164031123104', '-71.94857490067079', 'p&uacute;blico en general', '200 personas', 1),
(42, 176, 2747, 5, 1, 'evento repetido semanalmente del 18 de Diciembre', 'recinto xD', 'ubicacion de la repeticion', '<p>\r\n evento repetitivo cada semana los sabados y domingos a las 3 hasta las 5 de la tarde</p>', '', '1355860800', '1355868000', 'evento-repetido-semanalmente-del-18-de-diciembre', '', 1, 1, 'gratuito', '2012-12-18 15:12:47', 1, 'dennisbot', '<p>\r\n info adicional de la repeticion</p>', 'El Cóndor, Prolongacion De La Cultura, Cusco, Perú', '-13.528142', '-71.93986000000001', 'p&uacute;blico en general', '450 personas', 1),
(43, 176, 2747, 1, 1, 'negocios en el 19 de Diciembre', 'recinto xD', 'av infancia wanchaq', '<p>\r\n descripcion del evento</p>', '', '1355954400', '1355958000', 'negocios-en-el-19-de-diciembre', '', 1, 1, 'gratuito', '2012-12-19 21:50:31', 1, 'dennisbot', '<p>\r\n dennis &nbsp;es el organizador xD</p>', '', '', '', 'p&uacute;blico en general', '89 personas', 1),
(45, 176, 2747, 4, 2, 'evento de carlitos del 20 de diciembre', 'recinto xD', 'ubicacion', '<p>\r\n descripcion del itinerario del evento</p>', '', '1356048000', '1356310800', 'evento-de-carlitos-del-20-de-diciembre', '', 1, 1, 'gratuito', '2012-12-20 19:50:19', 1, 'carlitos', '', '', '', '', 'p&uacute;blico en general', '100 personas', 0),
(46, 176, 2747, 6, 5, 'Para publicar un nuevo evento, complete los campos del siguiente formulario.', 'Coliseo Cerrado', 'Av. Cultura 1234 Wanchaq', '<p>\r\n descripcion</p>', '', '1358553600', '1358560800', 'concierto-uchpa', '', 1, 1, 'gratuito', '2013-01-11 22:15:06', 1, 'Franck', '<p>\r\n sfsa fsa fsa fsa fsa&nbsp;</p>', '', '', '', 'público en general', '', 0),
(47, 176, 2747, 8, 1, 'Evento en Linea', 'estadio', 'estadio', '<p>\r\n nada</p>', '', '1359676800', '1359691200', 'evento-en-linea', '', 1, 1, '<p>\r\n $400 dolares por oracion</p>', '2013-01-22 16:51:05', 0, 'Benedicto', '', '', '', '', 'p&uacute;blico en general', '10000', 0),
(48, 176, 2759, 5, 5, 'testeando img', 'nada', 'nadada', '<p>\r\n sg asgsa gsa gsa</p>', '', '1360886400', '1360972800', 'testeando-img', 'evento_68eb687f3088729c', 1, 1, 'gratuito', '2013-02-07 04:37:27', 1, 'fsafsafsa', '', '', '', '', 'p&uacute;blico en general', '', 0),
(49, 176, 2747, 12, 5, 'tes tes tse set', 'gsg dsgd', 'gdsg dsgds', '<p>\r\n est se tse se</p>', '', '1360627200', '1361404800', 'tes-tes-tse-set', '', 1, 1, '', '2013-02-07 15:37:53', 1, 'tes tes t', '', '', '', '', 'público en general', '', 0),
(50, 176, 2747, 1, 5, 'tes tes tes tse te', 'sfsafs', 'dsgsd dsgds', '<p>\r\n sd gds gsd gds</p>', '', '1362009600', '1362096000', 'tes-tes-tes-tse-te', '', 1, 0, 'gratuito', '2013-02-07 15:38:41', 1, 'dsg dgds gsd', '', '', '', '', 'público en general', '', 0),
(51, 176, 2747, 1, 5, 'etset estes t', 'sdds gds', 'gds gdsg ds gds', '<p>\r\n saf safsa</p>', '', '1360108800', '1360972800', 'etset-estes-t', '', 1, 0, 'vip: S/140.00', '2013-02-07 16:04:47', 0, 'gfdg fdgfd f', '', '', '', '', 'p&uacute;blico en general', '355', 0),
(52, 176, 2742, 8, 1, 'test', 'test', 'test', '<p>\r\n test</p>', '', '1371254400', '1371340800', 'test', '', 1, 1, 'gratuito', '2013-06-14 14:28:50', 1, 'test', '', '', '', '', 'p&uacute;blico en general', '', 0);

-- --------------------------------------------------------

--
-- Table structure for table `evento_comentario`
--

CREATE TABLE IF NOT EXISTS `evento_comentario` (
  `comentario_id` int(11) NOT NULL,
  `evento_id` int(11) NOT NULL,
  `usuario_id` int(11) NOT NULL,
  `created_at` varchar(14) DEFAULT NULL,
  `comentario` longtext,
  PRIMARY KEY (`comentario_id`),
  KEY `fk_evento_comentario_evento1_idx` (`evento_id`),
  KEY `fk_evento_comentario_usuario1_idx` (`usuario_id`)
) ENGINE=MyISAM DEFAULT CHARSET=latin1;

-- --------------------------------------------------------

--
-- Table structure for table `evento_has_categoria`
--

CREATE TABLE IF NOT EXISTS `evento_has_categoria` (
  `evento_id` int(11) NOT NULL,
  `categoria_id` int(11) NOT NULL,
  PRIMARY KEY (`evento_id`,`categoria_id`),
  KEY `fk_evento_has_categoria_evento1_idx` (`evento_id`),
  KEY `fk_evento_has_categoria_categoria1_idx` (`categoria_id`)
) ENGINE=MyISAM DEFAULT CHARSET=latin1;

-- --------------------------------------------------------

--
-- Table structure for table `evento_mensaje`
--

CREATE TABLE IF NOT EXISTS `evento_mensaje` (
  `evento_descripcion` longtext,
  `evento_titulo` varchar(100) DEFAULT NULL,
  `suscrito_usuario_id` int(11) NOT NULL,
  `suscrito_categoria_id` int(11) NOT NULL,
  `evento_img` varchar(100) DEFAULT NULL,
  `fecha` varchar(14) DEFAULT NULL,
  PRIMARY KEY (`suscrito_usuario_id`,`suscrito_categoria_id`)
) ENGINE=MyISAM DEFAULT CHARSET=latin1;

-- --------------------------------------------------------

--
-- Table structure for table `events_meta`
--

CREATE TABLE IF NOT EXISTS `events_meta` (
  `id` int(11) NOT NULL AUTO_INCREMENT,
  `evento_id` int(11) NOT NULL,
  `repeat_start` char(11) DEFAULT NULL,
  `repeat_end` char(11) NOT NULL,
  `repeat_interval` char(11) NOT NULL,
  `repeat_type` char(15) NOT NULL DEFAULT 'diariamente',
  PRIMARY KEY (`id`)
) ENGINE=InnoDB  DEFAULT CHARSET=latin1 AUTO_INCREMENT=60 ;

--
-- Dumping data for table `events_meta`
--

INSERT INTO `events_meta` (`id`, `evento_id`, `repeat_start`, `repeat_end`, `repeat_interval`, `repeat_type`) VALUES
(1, 19, '1355173200', '1357622200', '172800', 'diariamente'),
(2, 20, '1355288400', '1357622200', '1209600', 'semanalmente'),
(3, 20, '1355374800', '1357622200', '1209600', 'semanalmente'),
(8, 21, '1354856400', '1357622200', '3024000', 'semanalmente'),
(9, 21, '1355374800', '1357622200', '3024000', 'semanalmente'),
(10, 22, '1357622200', '1359417600', '1209600', 'semanalmente'),
(11, 22, '1357622200', '1359504000', '1209600', 'semanalmente'),
(12, 23, '1355842800', '1357622200', '172800', 'diariamente'),
(13, 24, '1355238000', '1357622200', '172800', 'diariamente'),
(14, 25, '1356757200', '1357622200', '604800', 'semanalmente'),
(15, 25, '1356843600', '1357622200', '604800', 'semanalmente'),
(28, 26, '1356757200', '1357622200', '604800', 'semanalmente'),
(29, 26, '1356930000', '1357622200', '604800', 'semanalmente'),
(30, 27, '1356815100', '1357622200', '172800', 'diariamente'),
(37, 32, '1357509600', '1357622200', '345600', 'diariamente'),
(38, 31, '1357502400', '1357622200', '345600', 'diariamente'),
(39, 30, '1357592400', '1357622200', '259200', 'diariamente'),
(40, 33, '1357592700', '1357622200', '432000', 'diariamente'),
(46, 35, '1358057100', '1359349200', '259200', 'diariamente'),
(49, 3, '1358103900', '1358744400', '345600', 'diariamente'),
(52, 38, '1358798400', '1361336400', '345600', 'diariamente'),
(53, 28, '1356843600', '1357621200', '604800', 'semanalmente'),
(54, 28, '1356930000', '1357621200', '604800', 'semanalmente'),
(55, 37, '1358571600', '1361250000', '1209600', 'semanalmente'),
(56, 41, '1361048400', '1362114000', '345600', 'diariamente'),
(57, 42, '1361336400', '1364792400', '604800', 'semanalmente'),
(58, 42, '1361422800', '1364792400', '604800', 'semanalmente'),
(59, 43, '1355954400', '1358312400', '432000', 'diariamente');

-- --------------------------------------------------------

--
-- Table structure for table `exposicion`
--

CREATE TABLE IF NOT EXISTS `exposicion` (
  `tema_id` int(11) NOT NULL AUTO_INCREMENT,
  `evento_id` int(11) NOT NULL,
  `local_id` int(11) DEFAULT NULL,
  `ponente_id` int(11) NOT NULL,
  `titulo` varchar(50) DEFAULT '',
  `descripcion` longtext,
  `tema` varchar(50) DEFAULT '',
  `fecha_inicio` varchar(14) DEFAULT '',
  `fecha_fin` varchar(14) DEFAULT '',
  `duracion` varchar(14) DEFAULT '',
  `status` tinyint(1) DEFAULT NULL,
  `url` varchar(100) DEFAULT '',
  `created_at` varchar(14) DEFAULT '',
  `updated_at` varchar(14) DEFAULT '',
  `expositor` varchar(200) DEFAULT '',
  PRIMARY KEY (`tema_id`),
  KEY `fk_temario_evento1_idx` (`evento_id`),
  KEY `fk_temario_ponente1_idx` (`ponente_id`)
) ENGINE=MyISAM DEFAULT CHARSET=latin1 AUTO_INCREMENT=1 ;

-- --------------------------------------------------------

--
-- Table structure for table `inscrito`
--

CREATE TABLE IF NOT EXISTS `inscrito` (
  `evento_id` int(11) NOT NULL,
  `usuario_id` int(11) NOT NULL,
  `fecha_inscripcion` timestamp NULL DEFAULT CURRENT_TIMESTAMP,
  `status` tinyint(4) DEFAULT '1',
  `codigo_inscripcion` varchar(45) DEFAULT NULL,
  `asistencia` tinyint(1) DEFAULT '0',
  PRIMARY KEY (`evento_id`,`usuario_id`),
  KEY `fk_evento_has_usuario_evento1_idx` (`evento_id`),
  KEY `fk_evento_has_usuario_usuario1_idx` (`usuario_id`)
) ENGINE=MyISAM DEFAULT CHARSET=latin1;

--
-- Dumping data for table `inscrito`
--

INSERT INTO `inscrito` (`evento_id`, `usuario_id`, `fecha_inscripcion`, `status`, `codigo_inscripcion`, `asistencia`) VALUES
(1, 1, '2012-09-25 15:59:11', 1, '000000001', 0),
(2, 1, '2012-09-25 15:59:20', 1, '000000001', 0),
(3, 1, '2012-09-25 15:59:32', 1, '000000001', 0),
(4, 1, '2012-09-25 15:59:41', 1, '000000001', 0),
(5, 2, '2012-09-25 15:59:52', 1, '000000002', 0),
(6, 2, '2012-09-25 16:00:00', 1, '000000002', 0),
(7, 2, '2012-09-25 16:00:07', 1, '000000002', 0),
(8, 2, '2012-09-25 16:00:16', 1, '000000002', 0),
(1, 2, '2012-09-25 16:26:43', 1, '000000002', 0),
(1, 4, '2012-12-13 17:10:37', 1, '000000004', 0),
(9, 2, '2012-09-25 16:29:23', 1, '000000002', 0),
(3, 2, '2012-09-25 17:03:38', 1, '000000002', 0),
(7, 1, '2012-12-11 14:45:00', 1, '000000001', 0),
(10, 1, '2012-09-28 23:05:41', 1, '000000001', 0),
(11, 1, '2012-10-02 14:41:38', 1, '000000001', 0),
(12, 1, '2012-10-04 16:10:44', 1, '000000001', 0),
(41, 1, '2012-12-18 15:02:00', 1, '000000001', 0),
(14, 1, '2012-10-05 23:23:10', 1, '000000001', 0),
(15, 1, '2012-10-05 23:26:41', 1, '000000001', 0),
(16, 1, '2012-10-05 23:33:46', 1, '000000001', 0),
(17, 1, '2012-10-08 17:26:42', 1, '000000001', 0),
(18, 1, '2012-10-08 17:34:20', 1, '000000001', 0),
(19, 1, '2012-10-09 17:23:44', 1, '000000001', 0),
(20, 1, '2012-10-09 23:03:33', 1, '000000001', 0),
(21, 1, '2012-10-10 23:35:02', 1, '000000001', 0),
(22, 1, '2012-10-11 00:13:36', 1, '000000001', 0),
(23, 1, '2012-10-11 21:05:38', 1, '000000001', 0),
(24, 1, '2012-10-11 21:44:19', 1, '000000001', 0),
(25, 1, '2012-10-26 22:29:44', 1, '000000001', 0),
(26, 1, '2012-10-29 16:36:41', 1, '000000001', 0),
(27, 1, '2012-10-30 15:02:32', 1, '000000001', 0),
(28, 1, '2012-10-30 15:54:49', 1, '000000001', 0),
(29, 1, '2012-11-05 15:37:04', 1, '000000001', 0),
(30, 1, '2012-11-07 22:06:33', 1, '000000001', 0),
(31, 1, '2012-11-07 22:25:08', 1, '000000001', 0),
(32, 1, '2012-11-08 00:03:24', 1, '000000001', 0),
(33, 1, '2012-11-08 17:06:52', 1, '000000001', 0),
(34, 1, '2012-11-12 18:05:18', 1, '000000001', 0),
(35, 1, '2012-11-14 16:42:42', 1, '000000001', 0),
(36, 1, '2012-11-20 16:59:06', 1, '000000001', 0),
(37, 1, '2012-11-21 15:43:43', 1, '000000001', 0),
(2, 4, '2012-12-13 17:10:38', 1, '000000004', 0),
(38, 2, '2012-11-22 22:50:34', 1, '000000002', 0),
(3, 4, '2012-12-13 17:10:39', 1, '000000004', 0),
(4, 4, '2012-12-13 17:10:39', 1, '000000004', 0),
(5, 4, '2012-12-13 17:10:41', 1, '000000004', 0),
(6, 4, '2012-12-13 17:10:41', 1, '000000004', 0),
(7, 4, '2012-12-13 17:10:43', 1, '000000004', 0),
(10, 4, '2012-12-13 17:10:44', 1, '000000004', 0),
(16, 4, '2012-12-13 17:10:47', 1, '000000004', 0),
(12, 4, '2012-12-13 17:10:47', 1, '000000004', 0),
(18, 4, '2012-12-13 17:10:48', 1, '000000004', 0),
(19, 4, '2012-12-13 17:10:49', 1, '000000004', 0),
(21, 4, '2012-12-13 17:10:50', 1, '000000004', 0),
(22, 4, '2012-12-13 17:10:50', 1, '000000004', 0),
(38, 4, '2012-12-13 17:10:53', 1, '000000004', 0),
(37, 4, '2012-12-13 17:10:53', 1, '000000004', 0),
(42, 1, '2012-12-18 15:12:47', 1, '000000001', 0),
(43, 1, '2012-12-19 21:50:31', 1, '000000001', 0),
(44, 1, '2012-12-20 17:34:34', 1, '000000001', 0),
(17, 2, '2012-12-20 18:23:33', 1, '000000002', 0),
(45, 2, '2012-12-20 19:50:19', 1, '000000002', 0),
(46, 5, '2013-01-11 22:15:06', 1, '000000005', 0),
(34, 5, '2013-01-11 22:15:19', 1, '000000005', 0),
(35, 5, '2013-01-11 22:15:21', 1, '000000005', 0),
(46, 1, '2013-01-17 16:01:26', 1, '000000001', 0),
(3, 5, '2013-01-17 17:19:37', 1, '000000005', 0),
(18, 5, '2013-01-17 17:19:48', 1, '000000005', 0),
(47, 1, '2013-01-22 16:51:05', 1, '000000001', 0),
(47, 5, '2013-01-22 16:51:37', 1, '000000005', 0),
(48, 5, '2013-02-07 04:37:27', 1, '000000005', 0),
(49, 5, '2013-02-07 15:37:53', 1, '000000005', 0),
(50, 5, '2013-02-07 15:38:41', 1, '000000005', 0),
(51, 5, '2013-02-07 16:04:47', 1, '000000005', 0),
(52, 1, '2013-06-14 14:28:50', 1, '000000001', 0);

-- --------------------------------------------------------

--
-- Table structure for table `local`
--

CREATE TABLE IF NOT EXISTS `local` (
  `local_id` int(11) NOT NULL,
  `nombre` varchar(100) DEFAULT NULL,
  `direccion` varchar(100) DEFAULT NULL,
  `referencia` varchar(100) DEFAULT NULL,
  `latitud` varchar(50) DEFAULT NULL,
  `longitud` varchar(50) DEFAULT NULL,
  `ciudad_id` int(11) NOT NULL,
  PRIMARY KEY (`local_id`),
  KEY `fk_local_ciudad1_idx` (`ciudad_id`)
) ENGINE=MyISAM DEFAULT CHARSET=latin1;

-- --------------------------------------------------------

--
-- Table structure for table `mcb_data`
--

CREATE TABLE IF NOT EXISTS `mcb_data` (
  `mcb_data_id` int(11) NOT NULL AUTO_INCREMENT,
  `mcb_key` varchar(50) NOT NULL DEFAULT '',
  `mcb_value` varchar(100) NOT NULL DEFAULT '',
  PRIMARY KEY (`mcb_data_id`),
  UNIQUE KEY `mcb_data_key` (`mcb_key`)
) ENGINE=MyISAM  DEFAULT CHARSET=utf8 AUTO_INCREMENT=70 ;

--
-- Dumping data for table `mcb_data`
--

INSERT INTO `mcb_data` (`mcb_data_id`, `mcb_key`, `mcb_value`) VALUES
(1, 'application_title', 'MyClientBase'),
(2, 'cc_enable_client_tax_id', '0'),
(3, 'cc_enable_client_address', '0'),
(4, 'cc_enable_client_address_2', '0'),
(5, 'cc_enable_client_city', '0'),
(6, 'cc_enable_client_state', '0'),
(7, 'cc_enable_client_zip', '0'),
(8, 'cc_enable_client_country', '0'),
(9, 'cc_enable_client_phone_number', '0'),
(10, 'cc_enable_client_fax_number', '0'),
(11, 'cc_enable_client_mobile_number', '0'),
(12, 'cc_enable_client_email_address', '0'),
(13, 'cc_enable_client_web_address', '0'),
(14, 'cc_edit_enabled', '0'),
(15, 'cron_key', ''),
(16, 'currency_symbol', 'S/. '),
(17, 'currency_symbol_placement', 'before'),
(18, 'dashboard_override', ''),
(19, 'dashboard_show_closed_invoices', 'TRUE'),
(20, 'dashboard_show_open_invoices', 'TRUE'),
(21, 'dashboard_show_overdue_invoices', 'TRUE'),
(22, 'dashboard_show_pending_invoices', 'TRUE'),
(23, 'dashboard_total_paid_cutoff_date', '0'),
(24, 'decimal_symbol', '.'),
(25, 'decimal_taxes_num', '2'),
(26, 'default_bcc', ''),
(27, 'default_cc', ''),
(28, 'default_closed_status_id', '3'),
(29, 'default_date_format', 'd/m/Y'),
(30, 'default_date_format_mask', '99/99/9999'),
(31, 'default_date_format_picker', 'dd/mm/yy'),
(32, 'default_email_body', '0'),
(33, 'default_invoice_group_id', '1'),
(34, 'default_invoice_template', 'default'),
(35, 'default_item_tax_rate_id', '1'),
(36, 'default_item_tax_rate_option', '0'),
(37, 'default_language', 'spanish'),
(38, 'default_open_status_id', '1'),
(39, 'default_quote_group_id', '1'),
(40, 'default_quote_template', 'default_quote'),
(41, 'default_receipt_template', 'default'),
(42, 'default_tax_rate_id', '1'),
(43, 'default_tax_rate_option', '1'),
(44, 'disable_invoice_audit_history', '0'),
(45, 'display_quantity_decimals', '1'),
(46, 'email_protocol', 'php_mail_function'),
(47, 'enable_profiler', '0'),
(48, 'include_logo_on_invoice', 'FALSE'),
(49, 'invoices_due_after', '30'),
(50, 'merchant_currency_code', 'USD'),
(51, 'merchant_driver', 'Paypal'),
(52, 'merchant_enabled', '0'),
(53, 'pdf_plugin', 'dompdf'),
(54, 'results_per_page', '15'),
(55, 'sendmail_path', ''),
(56, 'smtp_host', ''),
(57, 'smtp_pass', ''),
(58, 'smtp_port', ''),
(59, 'smtp_timeout', ''),
(60, 'smtp_user', ''),
(61, 'thousands_separator', ','),
(62, 'version', '0.12'),
(63, 'dashboard_show_quotes', 'FALSE'),
(64, 'default_item_tax_option', ''),
(65, 'default_apply_invoice_tax', '0'),
(66, 'default_payment_method', ''),
(67, 'merchant_account_id', ''),
(68, 'default_invoice_email_template', ''),
(69, 'default_overdue_invoice_email_template', '');

-- --------------------------------------------------------

--
-- Table structure for table `pais`
--

CREATE TABLE IF NOT EXISTS `pais` (
  `pais_id` int(11) NOT NULL AUTO_INCREMENT,
  `nombre` varchar(50) DEFAULT NULL,
  `code` char(4) DEFAULT NULL,
  `url` varchar(100) DEFAULT NULL,
  PRIMARY KEY (`pais_id`),
  UNIQUE KEY `code` (`code`)
) ENGINE=MyISAM  DEFAULT CHARSET=latin1 AUTO_INCREMENT=239 ;

--
-- Dumping data for table `pais`
--

INSERT INTO `pais` (`pais_id`, `nombre`, `code`, `url`) VALUES
(1, 'Albania', 'AL', ''),
(2, 'Greece', 'GR', ''),
(3, 'Macedonia', 'MK', ''),
(4, 'Serbia', 'SRB', ''),
(5, 'Montenegro', 'MNE', ''),
(6, 'Kosovo', 'KOS', ''),
(7, 'Andorra', 'AND', ''),
(8, 'France', 'F', ''),
(9, 'Spain', 'E', ''),
(10, 'Austria', 'A', ''),
(11, 'Czech Republic', 'CZ', ''),
(12, 'Germany', 'D', ''),
(13, 'Hungary', 'H', ''),
(14, 'Italy', 'I', ''),
(15, 'Liechtenstein', 'FL', ''),
(16, 'Slovakia', 'SK', ''),
(17, 'Slovenia', 'SLO', ''),
(18, 'Switzerland', 'CH', ''),
(19, 'Belarus', 'BY', ''),
(20, 'Latvia', 'LV', ''),
(21, 'Lithuania', 'LT', ''),
(22, 'Poland', 'PL', ''),
(23, 'Ukraine', 'UA', ''),
(24, 'Russia', 'R', ''),
(25, 'Belgium', 'B', ''),
(26, 'Luxembourg', 'L', ''),
(27, 'Netherlands', 'NL', ''),
(28, 'Bosnia and Herzegovina', 'BIH', ''),
(29, 'Croatia', 'HR', ''),
(30, 'Bulgaria', 'BG', ''),
(31, 'Romania', 'RO', ''),
(32, 'Turkey', 'TR', ''),
(33, 'Denmark', 'DK', ''),
(34, 'Estonia', 'EW', ''),
(35, 'Faroe Islands', 'FARX', ''),
(36, 'Finland', 'SF', ''),
(37, 'Norway', 'N', ''),
(38, 'Sweden', 'S', ''),
(39, 'Monaco', 'MC', ''),
(40, 'Gibraltar', 'GBZ', ''),
(41, 'Guernsey', 'GBG', ''),
(42, 'Holy See', 'V', ''),
(43, 'Iceland', 'IS', ''),
(44, 'Ireland', 'IRL', ''),
(45, 'San Marino', 'RSM', ''),
(46, 'Jersey', 'GBJ', ''),
(47, 'Malta', 'M', ''),
(48, 'Man', 'GBM', ''),
(49, 'Moldova', 'MD', ''),
(50, 'Portugal', 'P', ''),
(51, 'Svalbard', 'SVAX', ''),
(52, 'United Kingdom', 'GB', ''),
(53, 'Afghanistan', 'AFG', ''),
(54, 'China', 'TJ', ''),
(55, 'Iran', 'IR', ''),
(56, 'Pakistan', 'PK', ''),
(57, 'Tajikistan', 'TAD', ''),
(58, 'Turkmenistan', 'TM', ''),
(59, 'Uzbekistan', 'UZB', ''),
(60, 'Armenia', 'ARM', ''),
(61, 'Georgia', 'GE', ''),
(62, 'Azerbaijan', 'AZ', ''),
(63, 'Bahrain', 'BRN', ''),
(64, 'Bangladesh', 'BD', ''),
(65, 'Myanmar', 'MYA', ''),
(66, 'India', 'IND', ''),
(67, 'Bhutan', 'BHT', ''),
(68, 'Brunei', 'BRU', ''),
(69, 'Malaysia', 'MAL', ''),
(70, 'Laos', 'LAO', ''),
(71, 'Thailand', 'THA', ''),
(72, 'Cambodia', 'K', ''),
(73, 'Vietnam', 'VN', ''),
(74, 'Kazakstan', 'KAZ', ''),
(75, 'North Korea', 'NOK', ''),
(76, 'Kyrgyzstan', 'KGZ', ''),
(77, 'Hong Kong', 'HONX', ''),
(78, 'Macau', 'MACX', ''),
(79, 'Mongolia', 'MNG', ''),
(80, 'Nepal', 'NEP', ''),
(81, 'Christmas Island', 'XMAS', ''),
(82, 'Cocos Islands', 'COCO', ''),
(83, 'Cyprus', 'CY', ''),
(84, 'Gaza Strip', 'GAZA', ''),
(85, 'Israel', 'IL', ''),
(86, 'Egypt', 'ET', ''),
(87, 'Indonesia', 'RI', ''),
(88, 'Timor-Leste', 'TL', ''),
(89, 'Papua New Guinea', 'PNG', ''),
(90, 'Iraq', 'IRQ', ''),
(91, 'Jordan', 'JOR', ''),
(92, 'Kuwait', 'KWT', ''),
(93, 'Saudi Arabia', 'SA', ''),
(94, 'Syria', 'SYR', ''),
(95, 'Lebanon', 'RL', ''),
(96, 'West Bank', 'WEST', ''),
(97, 'Japan', 'J', ''),
(98, 'South Korea', 'ROK', ''),
(99, 'Maldives', 'MV', ''),
(100, 'Oman', 'OM', ''),
(101, 'United Arab Emirates', 'UAE', ''),
(102, 'Yemen', 'YE', ''),
(103, 'Philippines', 'RP', ''),
(104, 'Qatar', 'Q', ''),
(105, 'Singapore', 'SGP', ''),
(106, 'Sri Lanka', 'CL', ''),
(107, 'Taiwan', 'RC', ''),
(108, 'Anguilla', 'AXA', ''),
(109, 'Antigua and Barbuda', 'AG', ''),
(110, 'Aruba', 'ARU', ''),
(111, 'Bahamas', 'BS', ''),
(112, 'Barbados', 'BDS', ''),
(113, 'Belize', 'BZ', ''),
(114, 'Guatemala', 'GCA', ''),
(115, 'Mexico', 'MEX', ''),
(116, 'Bermuda', 'BERM', ''),
(117, 'British Virgin Islands', 'BVIR', ''),
(118, 'Canada', 'CDN', ''),
(119, 'United States', 'USA', ''),
(120, 'Cayman Islands', 'CAYM', ''),
(121, 'Costa Rica', 'CR', ''),
(122, 'Nicaragua', 'NIC', ''),
(123, 'Panama', 'PA', ''),
(124, 'Cuba', 'C', ''),
(125, 'Dominica', 'WD', ''),
(126, 'Dominican Republic', 'DOM', ''),
(127, 'Haiti', 'RH', ''),
(128, 'El Salvador', 'ES', ''),
(129, 'Honduras', 'HCA', ''),
(130, 'Greenland', 'GROX', ''),
(131, 'Grenada', 'WG', ''),
(132, 'Guadeloupe', 'GUAD', ''),
(133, 'Jamaica', 'JA', ''),
(134, 'Martinique', 'MART', ''),
(135, 'Montserrat', 'MNTS', ''),
(136, 'Netherlands Antilles', 'NA', ''),
(137, 'Saint Martin', 'SMAR', ''),
(138, 'Colombia', 'CO', ''),
(139, 'Puerto Rico', 'PR', ''),
(140, 'Saint Kitts and Nevis', 'KN', ''),
(141, 'Saint Lucia', 'WL', ''),
(142, 'Saint Pierre and Miquelon', 'SPMI', ''),
(143, 'Saint Vincent and the Grenadines', 'WV', ''),
(144, 'Trinidad and Tobago', 'TT', ''),
(145, 'Turks and Caicos Islands', 'TUCA', ''),
(146, 'Virgin Islands', 'VIRG', ''),
(147, 'American Samoa', 'AMSA', ''),
(148, 'Australia', 'AUS', ''),
(149, 'Cook Islands', 'COOK', ''),
(150, 'Fiji', 'FJI', ''),
(151, 'French Polynesia', 'FPOL', ''),
(152, 'Guam', 'GUAM', ''),
(153, 'Kiribati', 'KIR', ''),
(154, 'Marshall Islands', 'MH', ''),
(155, 'Micronesia', 'FSM', ''),
(156, 'Nauru', 'NAU', ''),
(157, 'New Caledonia', 'NCA', ''),
(158, 'New Zealand', 'NZ', ''),
(159, 'Niue', 'NIUE', ''),
(160, 'Norfolk Island', 'NORF', ''),
(161, 'Northern Mariana Islands', 'NMIS', ''),
(162, 'Palau', 'PAL', ''),
(163, 'Pitcairn Islands', 'PITC', ''),
(164, 'Solomon Islands', 'SLB', ''),
(165, 'Tonga', 'TO', ''),
(166, 'Tuvalu', 'TUV', ''),
(167, 'Vanuatu', 'VU', ''),
(168, 'Wallis and Futuna', 'WAFU', ''),
(169, 'Samoa', 'WS', ''),
(170, 'Argentina', 'RA', ''),
(171, 'Bolivia', 'BOL', ''),
(172, 'Brazil', 'BR', ''),
(173, 'Chile', 'RCH', ''),
(174, 'Paraguay', 'PY', ''),
(175, 'Uruguay', 'ROU', ''),
(176, 'Peru', 'PE', ''),
(177, 'French Guiana', 'FGU', ''),
(178, 'Guyana', 'GUY', ''),
(179, 'Suriname', 'SME', ''),
(180, 'Venezuela', 'YV', ''),
(181, 'Ecuador', 'EC', ''),
(182, 'Falkland Islands', 'FALK', ''),
(183, 'Algeria', 'DZ', ''),
(184, 'Libya', 'LAR', ''),
(185, 'Mali', 'RMM', ''),
(186, 'Mauritania', 'RIM', ''),
(187, 'Morocco', 'MA', ''),
(188, 'Niger', 'RN', ''),
(189, 'Tunisia', 'TN', ''),
(190, 'Western Sahara', 'WSA', ''),
(191, 'Angola', 'ANG', ''),
(192, 'Congo', 'RCB', ''),
(193, 'Namibia', 'NAM', ''),
(194, 'Zaire', 'ZRE', ''),
(195, 'Zambia', 'Z', ''),
(196, 'Benin', 'BEN', ''),
(197, 'Burkina Faso', 'BF', ''),
(198, 'Nigeria', 'WAN', ''),
(199, 'Togo', 'RT', ''),
(200, 'Botswana', 'RB', ''),
(201, 'South Africa', 'RSA', ''),
(202, 'Zimbabwe', 'ZW', ''),
(203, 'Cote dIvoire', 'CI', ''),
(204, 'Ghana', 'GH', ''),
(205, 'Burundi', 'BI', ''),
(206, 'Rwanda', 'RWA', ''),
(207, 'Tanzania', 'EAT', ''),
(208, 'Cameroon', 'CAM', ''),
(209, 'Central African Republic', 'RCA', ''),
(210, 'Chad', 'TCH', ''),
(211, 'Equatorial Guinea', 'GQ', ''),
(212, 'Gabon', 'G', ''),
(213, 'Cape Verde', 'CV', ''),
(214, 'Sudan', 'SUD', ''),
(215, 'Comoros', 'COM', ''),
(216, 'Guinea', 'RG', ''),
(217, 'Liberia', 'LB', ''),
(218, 'Djibouti', 'DJI', ''),
(219, 'Eritrea', 'ER', ''),
(220, 'Ethiopia', 'ETH', ''),
(221, 'Somalia', 'SP', ''),
(222, 'Kenya', 'EAK', ''),
(223, 'Gambia', 'WAG', ''),
(224, 'Senegal', 'SN', ''),
(225, 'Guinea-Bissau', 'GNB', ''),
(226, 'Sierra Leone', 'WAL', ''),
(227, 'Uganda', 'EAU', ''),
(228, 'Lesotho', 'LS', ''),
(229, 'Madagascar', 'RM', ''),
(230, 'Malawi', 'MW', ''),
(231, 'Mozambique', 'MOC', ''),
(232, 'Mauritius', 'MS', ''),
(233, 'Mayotte', 'MAYO', ''),
(234, 'Swaziland', 'SD', ''),
(235, 'Reunion', 'REUN', ''),
(236, 'Saint Helena', 'HELX', ''),
(237, 'Sao Tome and Principe', 'STP', ''),
(238, 'Seychelles', 'SY', '');

-- --------------------------------------------------------

--
-- Table structure for table `recurso`
--

CREATE TABLE IF NOT EXISTS `recurso` (
  `recurso_id` int(11) NOT NULL,
  `evento_id` int(11) NOT NULL,
  `nombre` varchar(50) DEFAULT NULL,
  `tipo` varchar(50) DEFAULT NULL,
  `contenido_imagen` varchar(50) DEFAULT NULL,
  `enlace` varchar(200) DEFAULT NULL,
  PRIMARY KEY (`recurso_id`),
  KEY `fk_recurso_evento1_idx` (`evento_id`)
) ENGINE=MyISAM DEFAULT CHARSET=latin1;

-- --------------------------------------------------------

--
-- Table structure for table `suscrito`
--

CREATE TABLE IF NOT EXISTS `suscrito` (
  `usuario_id` int(11) NOT NULL,
  `categoria_id` int(11) NOT NULL,
  PRIMARY KEY (`usuario_id`,`categoria_id`),
  KEY `fk_usuario_has_categoria_usuario1_idx` (`usuario_id`),
  KEY `fk_usuario_has_categoria_categoria1_idx` (`categoria_id`)
) ENGINE=MyISAM DEFAULT CHARSET=latin1;

--
-- Dumping data for table `suscrito`
--

INSERT INTO `suscrito` (`usuario_id`, `categoria_id`) VALUES
(1, 3),
(1, 5),
(1, 7),
(2, 4),
(2, 8),
(2, 9),
(4, 11),
(4, 12),
(4, 13);

-- --------------------------------------------------------

--
-- Table structure for table `tag`
--

CREATE TABLE IF NOT EXISTS `tag` (
  `id` int(11) NOT NULL AUTO_INCREMENT,
  `nombre` varchar(50) NOT NULL,
  PRIMARY KEY (`id`)
) ENGINE=InnoDB DEFAULT CHARSET=latin1 AUTO_INCREMENT=1 ;

-- --------------------------------------------------------

--
-- Table structure for table `tema_comentario`
--

CREATE TABLE IF NOT EXISTS `tema_comentario` (
  `tema_comentario_id` int(11) NOT NULL,
  `temario_id` int(11) NOT NULL,
  `fecha` varchar(14) DEFAULT NULL,
  `texto` longtext,
  `usuario_id` int(11) NOT NULL,
  PRIMARY KEY (`tema_comentario_id`),
  KEY `fk_temario_comentario_temario1_idx` (`temario_id`),
  KEY `fk_tema_comentario_usuario1_idx` (`usuario_id`)
) ENGINE=MyISAM DEFAULT CHARSET=latin1;

-- --------------------------------------------------------

--
-- Table structure for table `user_facebook`
--

CREATE TABLE IF NOT EXISTS `user_facebook` (
  `id_user_facebook` varchar(64) NOT NULL,
  `usuario_id` int(11) NOT NULL,
  `username` varchar(100) NOT NULL,
  `email` varchar(60) NOT NULL,
  `proveedor` char(10) DEFAULT NULL,
  `access_token` text,
  PRIMARY KEY (`id_user_facebook`)
) ENGINE=MyISAM DEFAULT CHARSET=utf8;

--
-- Dumping data for table `user_facebook`
--

INSERT INTO `user_facebook` (`id_user_facebook`, `usuario_id`, `username`, `email`, `proveedor`, `access_token`) VALUES
('1356055515', 11, '', 'dennis_bot153@hotmail.com', 'facebook', NULL),
('295752954', 16, 'Apu Studio', 'apustudio@gmail.com', 'twitter', NULL);

-- --------------------------------------------------------

--
-- Table structure for table `usuario`
--

CREATE TABLE IF NOT EXISTS `usuario` (
  `usuario_id` int(11) NOT NULL AUTO_INCREMENT,
  `ciudad_id` int(11) DEFAULT '0',
  `nombres` varchar(50) DEFAULT '',
  `apellidos` varchar(50) DEFAULT '',
  `username` varchar(50) DEFAULT '',
  `email` varchar(100) DEFAULT '',
  `pass` varchar(50) DEFAULT '',
  `doc_identidad` varchar(20) DEFAULT '',
  `ocupacion` varchar(100) DEFAULT '',
  `direccion` varchar(100) DEFAULT '',
  `sexo` tinyint(1) DEFAULT '0',
  `fecha_nac` varchar(14) DEFAULT '',
  `status` tinyint(1) DEFAULT '0',
  `created_at` varchar(14) DEFAULT '',
  `url` varchar(100) DEFAULT '',
  `img` varchar(50) DEFAULT '',
  `codigo_activacion` char(32) DEFAULT '',
  `nivel_acceso` tinyint(4) DEFAULT '3',
  PRIMARY KEY (`usuario_id`),
  KEY `fk_usuario_ciudad1_idx` (`ciudad_id`)
) ENGINE=MyISAM  DEFAULT CHARSET=latin1 AUTO_INCREMENT=6 ;

--
-- Dumping data for table `usuario`
--

INSERT INTO `usuario` (`usuario_id`, `ciudad_id`, `nombres`, `apellidos`, `username`, `email`, `pass`, `doc_identidad`, `ocupacion`, `direccion`, `sexo`, `fecha_nac`, `status`, `created_at`, `url`, `img`, `codigo_activacion`, `nivel_acceso`) VALUES
(1, 2747, 'Dennis', 'Huillca Portilla', 'dennisbot', 'dennisbot@localhost.com', 'd3f4a06b88d0a63e542c421ade6980d6', '', 'web developer', 'APV Agua Buena D-1', 1, '0', 1, '', '', 'foto_4894d28b367e7cc8', 'd78bb466e028a70b1bf30b9acb4b036f', 2),
(2, 0, 'Carlos', 'apellidos', 'carlitos', 'carlitos@localhost.com', 'd3f4a06b88d0a63e542c421ade6980d6', '12121212', 'desarrollador', 'mi casa', 1, '1038787200', 1, '', '', '', '975fc9c38bb79b009b2c0d493cd1d5f0', 2),
(4, 0, '', '', 'juanchelo', 'juanito@localhost.com', 'cf756959b57c4596ea8c368f56294445', '', '', '', 0, '', 1, '', '', '', '36a5b119b1b08dd2cad5e758e4c536f1', 2),
(5, 2747, 'fra', 'mer', 'franck', 'franck@localhost.com', 'ba6287a227c293d05e7cae0678e0e419', '21412414', '', '', 1, '1040187600', 1, '', '', 'foto_2b4d6e9ba26772de', '685aa0a431ac990ae91686b016b1d3ce', 2);

/*!40101 SET CHARACTER_SET_CLIENT=@OLD_CHARACTER_SET_CLIENT */;
/*!40101 SET CHARACTER_SET_RESULTS=@OLD_CHARACTER_SET_RESULTS */;
/*!40101 SET COLLATION_CONNECTION=@OLD_COLLATION_CONNECTION */;
